module,group,path,imports_count,internal_imports_count,external_imports_count,missing_internal_imports_count,internal_imported_by_count,transitive_internal_imports_count,is_build_module,is_notation_module,prelude
CNNA.Basic,Basic,CNNA/Basic.lean,0,0,0,0,0,0,0,0,0
CNNA.BuildAll,BuildAll,CNNA/BuildAll.lean,2,2,0,0,0,276,1,0,0
CNNA.Notation,Notation,CNNA/Notation.lean,1,1,0,0,1,226,0,1,0
CNNA.PillarA,PillarA,CNNA/PillarA.lean,1,1,0,0,0,275,0,0,0
CNNA.PillarA.Arithmetic.Actions.ActionFormatDecision,PillarA/Arithmetic,CNNA/PillarA/Arithmetic/Actions/ActionFormatDecision.lean,1,1,0,0,3,59,0,0,0
CNNA.PillarA.Arithmetic.Actions.ActionPackage,PillarA/Arithmetic,CNNA/PillarA/Arithmetic/Actions/ActionPackage.lean,1,1,0,0,3,57,0,0,0
CNNA.PillarA.Arithmetic.Actions.GeneratorActionInventory,PillarA/Arithmetic,CNNA/PillarA/Arithmetic/Actions/GeneratorActionInventory.lean,1,1,0,0,3,58,0,0,0
CNNA.PillarA.Arithmetic.BoundarySource.BoundarySourceConvergence,PillarA/Arithmetic,CNNA/PillarA/Arithmetic/BoundarySource/BoundarySourceConvergence.lean,2,2,0,0,3,54,0,0,0
CNNA.PillarA.Arithmetic.BoundarySource.BoundarySourceDecisionLedger,PillarA/Arithmetic,CNNA/PillarA/Arithmetic/BoundarySource/BoundarySourceDecisionLedger.lean,1,1,0,0,2,53,0,0,0
CNNA.PillarA.Arithmetic.BoundarySource.BoundarySourceInterface,PillarA/Arithmetic,CNNA/PillarA/Arithmetic/BoundarySource/BoundarySourceInterface.lean,1,1,0,0,3,50,0,0,0
CNNA.PillarA.Arithmetic.BoundarySource.BoundarySourceTypeDecision,PillarA/Arithmetic,CNNA/PillarA/Arithmetic/BoundarySource/BoundarySourceTypeDecision.lean,1,1,0,0,2,49,0,0,0
CNNA.PillarA.Arithmetic.BoundarySource.BoundaryStateSubstrate,PillarA/Arithmetic,CNNA/PillarA/Arithmetic/BoundarySource/BoundaryStateSubstrate.lean,1,1,0,0,2,53,0,0,0
CNNA.PillarA.Arithmetic.BoundarySource.BranchAddressSubstrate,PillarA/Arithmetic,CNNA/PillarA/Arithmetic/BoundarySource/BranchAddressSubstrate.lean,1,1,0,0,2,53,0,0,0
CNNA.PillarA.Arithmetic.BoundarySource.ExistingIdealThreadNoGo,PillarA/Arithmetic,CNNA/PillarA/Arithmetic/BoundarySource/ExistingIdealThreadNoGo.lean,1,1,0,0,2,45,0,0,0
CNNA.PillarA.Arithmetic.BoundarySource.GeneratedSubstrateRoute,PillarA/Arithmetic,CNNA/PillarA/Arithmetic/BoundarySource/GeneratedSubstrateRoute.lean,1,1,0,0,7,52,0,0,0
CNNA.PillarA.Arithmetic.BoundarySource.HistoryExpandedSubstrate,PillarA/Arithmetic,CNNA/PillarA/Arithmetic/BoundarySource/HistoryExpandedSubstrate.lean,1,1,0,0,2,53,0,0,0
CNNA.PillarA.Arithmetic.BoundarySource.InterfaceExposureSubstrate,PillarA/Arithmetic,CNNA/PillarA/Arithmetic/BoundarySource/InterfaceExposureSubstrate.lean,1,1,0,0,2,53,0,0,0
CNNA.PillarA.Arithmetic.BoundarySource.LevelHistoryIndex,PillarA/Arithmetic,CNNA/PillarA/Arithmetic/BoundarySource/LevelHistoryIndex.lean,1,1,0,0,2,44,0,0,0
CNNA.PillarA.Arithmetic.BoundarySource.LevelHistoryMatrix,PillarA/Arithmetic,CNNA/PillarA/Arithmetic/BoundarySource/LevelHistoryMatrix.lean,3,2,1,0,2,47,0,0,0
CNNA.PillarA.Arithmetic.BoundarySource.LevelStepWitness,PillarA/Arithmetic,CNNA/PillarA/Arithmetic/BoundarySource/LevelStepWitness.lean,1,1,0,0,2,45,0,0,0
CNNA.PillarA.Arithmetic.BoundarySource.MultiSchurToLevelHistoryAdapter,PillarA/Arithmetic,CNNA/PillarA/Arithmetic/BoundarySource/MultiSchurToLevelHistoryAdapter.lean,1,1,0,0,2,48,0,0,0
CNNA.PillarA.Arithmetic.BoundarySource.RecursiveLevelHistoryCarrier,PillarA/Arithmetic,CNNA/PillarA/Arithmetic/BoundarySource/RecursiveLevelHistoryCarrier.lean,1,1,0,0,2,46,0,0,0
CNNA.PillarA.Arithmetic.BoundarySource.RecursiveLevelHistoryRoute,PillarA/Arithmetic,CNNA/PillarA/Arithmetic/BoundarySource/RecursiveLevelHistoryRoute.lean,1,1,0,0,3,51,0,0,0
CNNA.PillarA.Arithmetic.BoundarySource.RecursiveLevelHistoryTypeDecision,PillarA/Arithmetic,CNNA/PillarA/Arithmetic/BoundarySource/RecursiveLevelHistoryTypeDecision.lean,1,1,0,0,2,51,0,0,0
CNNA.PillarA.Arithmetic.BuildAll,PillarA/Arithmetic,CNNA/PillarA/Arithmetic/BuildAll.lean,126,126,0,0,1,204,1,0,0
CNNA.PillarA.Arithmetic.CayleyDickson.ArithmeticCDBridge,PillarA/Arithmetic,CNNA/PillarA/Arithmetic/CayleyDickson/ArithmeticCDBridge.lean,2,2,0,0,4,100,0,0,0
CNNA.PillarA.Arithmetic.Convergence.CDArithmeticCompatibility,PillarA/Arithmetic,CNNA/PillarA/Arithmetic/Convergence/CDArithmeticCompatibility.lean,2,2,0,0,2,112,0,0,0
CNNA.PillarA.Arithmetic.Convergence.QuaternionRamanujanInterface,PillarA/Arithmetic,CNNA/PillarA/Arithmetic/Convergence/QuaternionRamanujanInterface.lean,3,3,0,0,2,108,0,0,0
CNNA.PillarA.Arithmetic.Core.BrightDtNSource,PillarA/Arithmetic,CNNA/PillarA/Arithmetic/Core/BrightDtNSource.lean,1,1,0,0,3,56,0,0,0
CNNA.PillarA.Arithmetic.Core.FullBoundaryAudit,PillarA/Arithmetic,CNNA/PillarA/Arithmetic/Core/FullBoundaryAudit.lean,1,1,0,0,3,44,0,0,0
CNNA.PillarA.Arithmetic.Core.MatrixTransport,PillarA/Arithmetic,CNNA/PillarA/Arithmetic/Core/MatrixTransport.lean,1,1,0,0,3,55,0,0,0
CNNA.PillarA.Arithmetic.Core.Source,PillarA/Arithmetic,CNNA/PillarA/Arithmetic/Core/Source.lean,3,3,0,0,4,43,0,0,0
CNNA.PillarA.Arithmetic.Graph.CheegerSeed,PillarA/Arithmetic,CNNA/PillarA/Arithmetic/Graph/CheegerSeed.lean,1,1,0,0,3,69,0,0,0
CNNA.PillarA.Arithmetic.Graph.RamanujanTest,PillarA/Arithmetic,CNNA/PillarA/Arithmetic/Graph/RamanujanTest.lean,1,1,0,0,3,70,0,0,0
CNNA.PillarA.Arithmetic.Graph.SpectralGapSeed,PillarA/Arithmetic,CNNA/PillarA/Arithmetic/Graph/SpectralGapSeed.lean,1,1,0,0,3,68,0,0,0
CNNA.PillarA.Arithmetic.Notation,PillarA/Arithmetic,CNNA/PillarA/Arithmetic/Notation.lean,80,80,0,0,2,175,0,1,0
CNNA.PillarA.Arithmetic.Orders.DiscriminantConvention,PillarA/Arithmetic,CNNA/PillarA/Arithmetic/Orders/DiscriminantConvention.lean,1,1,0,0,3,73,0,0,0
CNNA.PillarA.Arithmetic.Orders.NormForms,PillarA/Arithmetic,CNNA/PillarA/Arithmetic/Orders/NormForms.lean,1,1,0,0,3,74,0,0,0
CNNA.PillarA.Arithmetic.Orders.QuadraticOrder,PillarA/Arithmetic,CNNA/PillarA/Arithmetic/Orders/QuadraticOrder.lean,2,2,0,0,3,72,0,0,0
CNNA.PillarA.Arithmetic.Schur.CharpolyC,PillarA/Arithmetic,CNNA/PillarA/Arithmetic/Schur/CharpolyC.lean,2,2,0,0,3,64,0,0,0
CNNA.PillarA.Arithmetic.Schur.CharpolyExec,PillarA/Arithmetic,CNNA/PillarA/Arithmetic/Schur/CharpolyExec.lean,2,1,1,0,5,63,0,0,0
CNNA.PillarA.Arithmetic.Schur.HigherLevelCertificates,PillarA/Arithmetic,CNNA/PillarA/Arithmetic/Schur/HigherLevelCertificates.lean,1,1,0,0,3,69,0,0,0
CNNA.PillarA.Arithmetic.Schur.HigherLevelDiscriminants,PillarA/Arithmetic,CNNA/PillarA/Arithmetic/Schur/HigherLevelDiscriminants.lean,1,1,0,0,3,71,0,0,0
CNNA.PillarA.Arithmetic.Schur.HigherLevelOutcomeRouter,PillarA/Arithmetic,CNNA/PillarA/Arithmetic/Schur/HigherLevelOutcomeRouter.lean,1,1,0,0,3,70,0,0,0
CNNA.PillarA.Arithmetic.Schur.HigherLevelPredictionLedger,PillarA/Arithmetic,CNNA/PillarA/Arithmetic/Schur/HigherLevelPredictionLedger.lean,1,1,0,0,3,68,0,0,0
CNNA.PillarA.Arithmetic.Schur.IdentityLedger,PillarA/Arithmetic,CNNA/PillarA/Arithmetic/Schur/IdentityLedger.lean,1,1,0,0,4,67,0,0,0
CNNA.PillarA.Arithmetic.Schur.L1Baseline,PillarA/Arithmetic,CNNA/PillarA/Arithmetic/Schur/L1Baseline.lean,1,1,0,0,3,64,0,0,0
CNNA.PillarA.Arithmetic.Schur.L2Eisenstein,PillarA/Arithmetic,CNNA/PillarA/Arithmetic/Schur/L2Eisenstein.lean,1,1,0,0,3,65,0,0,0
CNNA.PillarA.Arithmetic.Schur.L3Gaussian,PillarA/Arithmetic,CNNA/PillarA/Arithmetic/Schur/L3Gaussian.lean,1,1,0,0,4,66,0,0,0
CNNA.PillarA.Arithmetic.Schur.MobiusTransfer,PillarA/Arithmetic,CNNA/PillarA/Arithmetic/Schur/MobiusTransfer.lean,1,1,0,0,2,60,0,0,0
CNNA.PillarA.Arithmetic.Schur.Recurrence,PillarA/Arithmetic,CNNA/PillarA/Arithmetic/Schur/Recurrence.lean,1,1,0,0,3,62,0,0,0
CNNA.PillarA.Arithmetic.Schur.RecursiveSchurSource,PillarA/Arithmetic,CNNA/PillarA/Arithmetic/Schur/RecursiveSchurSource.lean,1,1,0,0,2,61,0,0,0
CNNA.PillarA.Arithmetic.Smoke.GeneratedApproximantCore,PillarA/Arithmetic,CNNA/PillarA/Arithmetic/Smoke/GeneratedApproximantCore.lean,1,1,0,0,3,22,0,0,0
CNNA.PillarA.Arithmetic.Smoke.GeneratedArithmeticSourceExecBoundaryOperatorFromSM4qRecheckSM5q,PillarA/Arithmetic,CNNA/PillarA/Arithmetic/Smoke/GeneratedArithmeticSourceExecBoundaryOperatorFromSM4qRecheckSM5q.lean,2,2,0,0,2,82,0,0,0
CNNA.PillarA.Arithmetic.Smoke.GeneratedArithmeticSourceExecBoundaryOperatorSM5q,PillarA/Arithmetic,CNNA/PillarA/Arithmetic/Smoke/GeneratedArithmeticSourceExecBoundaryOperatorSM5q.lean,2,2,0,0,2,75,0,0,0
CNNA.PillarA.Arithmetic.Smoke.GeneratedArithmeticSourceSM5,PillarA/Arithmetic,CNNA/PillarA/Arithmetic/Smoke/GeneratedArithmeticSourceSM5.lean,1,1,0,0,4,73,0,0,0
CNNA.PillarA.Arithmetic.Smoke.GeneratedBoundaryInteriorPartition,PillarA/Arithmetic,CNNA/PillarA/Arithmetic/Smoke/GeneratedBoundaryInteriorPartition.lean,1,1,0,0,3,23,0,0,0
CNNA.PillarA.Arithmetic.Smoke.GeneratedDegreeFormulaAuditSM3db2eR0,PillarA/Arithmetic,CNNA/PillarA/Arithmetic/Smoke/GeneratedDegreeFormulaAuditSM3db2eR0.lean,1,1,0,0,3,48,0,0,0
CNNA.PillarA.Arithmetic.Smoke.GeneratedDegreePivotReciprocalProfileFromWeightPolicySM3db2eR,PillarA/Arithmetic,CNNA/PillarA/Arithmetic/Smoke/GeneratedDegreePivotReciprocalProfileFromWeightPolicySM3db2eR.lean,1,1,0,0,3,49,0,0,0
CNNA.PillarA.Arithmetic.Smoke.GeneratedDegreePivotScaleSourceSM3db2dR,PillarA/Arithmetic,CNNA/PillarA/Arithmetic/Smoke/GeneratedDegreePivotScaleSourceSM3db2dR.lean,1,1,0,0,3,47,0,0,0
CNNA.PillarA.Arithmetic.Smoke.GeneratedDirichletEntry,PillarA/Arithmetic,CNNA/PillarA/Arithmetic/Smoke/GeneratedDirichletEntry.lean,2,2,0,0,4,24,0,0,0
CNNA.PillarA.Arithmetic.Smoke.GeneratedDirichletExecEntrySourceSM3bq,PillarA/Arithmetic,CNNA/PillarA/Arithmetic/Smoke/GeneratedDirichletExecEntrySourceSM3bq.lean,2,2,0,0,2,26,0,0,0
CNNA.PillarA.Arithmetic.Smoke.GeneratedGeneralizedTopBoundaryDtNSM3hR,PillarA/Arithmetic,CNNA/PillarA/Arithmetic/Smoke/GeneratedGeneralizedTopBoundaryDtNSM3hR.lean,1,1,0,0,3,70,0,0,0
CNNA.PillarA.Arithmetic.Smoke.GeneratedInteriorAccumulatedEntryCancellationFromTerminalIdentityR3c1e,PillarA/Arithmetic,CNNA/PillarA/Arithmetic/Smoke/GeneratedInteriorAccumulatedEntryCancellationFromTerminalIdentityR3c1e.lean,2,2,0,0,3,59,0,0,0
CNNA.PillarA.Arithmetic.Smoke.GeneratedInteriorAccumulatedEntryCancellationR3c1,PillarA/Arithmetic,CNNA/PillarA/Arithmetic/Smoke/GeneratedInteriorAccumulatedEntryCancellationR3c1.lean,1,1,0,0,3,43,0,0,0
CNNA.PillarA.Arithmetic.Smoke.GeneratedInteriorAccumulatedTraceEvaluation,PillarA/Arithmetic,CNNA/PillarA/Arithmetic/Smoke/GeneratedInteriorAccumulatedTraceEvaluation.lean,1,1,0,0,4,41,0,0,0
CNNA.PillarA.Arithmetic.Smoke.GeneratedInteriorBlock,PillarA/Arithmetic,CNNA/PillarA/Arithmetic/Smoke/GeneratedInteriorBlock.lean,1,1,0,0,3,25,0,0,0
CNNA.PillarA.Arithmetic.Smoke.GeneratedInteriorBlockFoldInvarianceR3c1c,PillarA/Arithmetic,CNNA/PillarA/Arithmetic/Smoke/GeneratedInteriorBlockFoldInvarianceR3c1c.lean,1,1,0,0,3,53,0,0,0
CNNA.PillarA.Arithmetic.Smoke.GeneratedInteriorBlockFoldKernelLocalSchurResidualBridgeR3c1b1,PillarA/Arithmetic,CNNA/PillarA/Arithmetic/Smoke/GeneratedInteriorBlockFoldKernelLocalSchurResidualBridgeR3c1b1.lean,1,1,0,0,3,51,0,0,0
CNNA.PillarA.Arithmetic.Smoke.GeneratedInteriorBlockFoldNormalFormR3c1a,PillarA/Arithmetic,CNNA/PillarA/Arithmetic/Smoke/GeneratedInteriorBlockFoldNormalFormR3c1a.lean,1,1,0,0,4,42,0,0,0
CNNA.PillarA.Arithmetic.Smoke.GeneratedInteriorBlockFoldTerminalIdentityFromSM3db4aWR3c1dFull,PillarA/Arithmetic,CNNA/PillarA/Arithmetic/Smoke/GeneratedInteriorBlockFoldTerminalIdentityFromSM3db4aWR3c1dFull.lean,1,1,0,0,2,60,0,0,0
CNNA.PillarA.Arithmetic.Smoke.GeneratedInteriorBlockFoldTerminalIdentityR3c1d,PillarA/Arithmetic,CNNA/PillarA/Arithmetic/Smoke/GeneratedInteriorBlockFoldTerminalIdentityR3c1d.lean,1,1,0,0,4,57,0,0,0
CNNA.PillarA.Arithmetic.Smoke.GeneratedInteriorEliminationCandidate,PillarA/Arithmetic,CNNA/PillarA/Arithmetic/Smoke/GeneratedInteriorEliminationCandidate.lean,1,1,0,0,3,26,0,0,0
CNNA.PillarA.Arithmetic.Smoke.GeneratedInteriorEliminationCandidateEntry,PillarA/Arithmetic,CNNA/PillarA/Arithmetic/Smoke/GeneratedInteriorEliminationCandidateEntry.lean,1,1,0,0,3,27,0,0,0
CNNA.PillarA.Arithmetic.Smoke.GeneratedInteriorEliminationCarrier,PillarA/Arithmetic,CNNA/PillarA/Arithmetic/Smoke/GeneratedInteriorEliminationCarrier.lean,1,1,0,0,3,37,0,0,0
CNNA.PillarA.Arithmetic.Smoke.GeneratedInteriorEliminationCertificateSM3fR,PillarA/Arithmetic,CNNA/PillarA/Arithmetic/Smoke/GeneratedInteriorEliminationCertificateSM3fR.lean,1,1,0,0,3,68,0,0,0
CNNA.PillarA.Arithmetic.Smoke.GeneratedInteriorEliminationStep,PillarA/Arithmetic,CNNA/PillarA/Arithmetic/Smoke/GeneratedInteriorEliminationStep.lean,1,1,0,0,3,38,0,0,0
CNNA.PillarA.Arithmetic.Smoke.GeneratedInteriorEliminationTrace,PillarA/Arithmetic,CNNA/PillarA/Arithmetic/Smoke/GeneratedInteriorEliminationTrace.lean,1,1,0,0,3,39,0,0,0
CNNA.PillarA.Arithmetic.Smoke.GeneratedInteriorInverseCandidateEntry,PillarA/Arithmetic,CNNA/PillarA/Arithmetic/Smoke/GeneratedInteriorInverseCandidateEntry.lean,1,1,0,0,3,40,0,0,0
CNNA.PillarA.Arithmetic.Smoke.GeneratedInteriorInverseCandidateMatrix,PillarA/Arithmetic,CNNA/PillarA/Arithmetic/Smoke/GeneratedInteriorInverseCandidateMatrix.lean,1,1,0,0,3,42,0,0,0
CNNA.PillarA.Arithmetic.Smoke.GeneratedInteriorInverseCandidateShapeSeparation,PillarA/Arithmetic,CNNA/PillarA/Arithmetic/Smoke/GeneratedInteriorInverseCandidateShapeSeparation.lean,1,1,0,0,3,43,0,0,0
CNNA.PillarA.Arithmetic.Smoke.GeneratedInteriorInverseCandidateStart,PillarA/Arithmetic,CNNA/PillarA/Arithmetic/Smoke/GeneratedInteriorInverseCandidateStart.lean,1,1,0,0,3,36,0,0,0
CNNA.PillarA.Arithmetic.Smoke.GeneratedInteriorLocalStepCancellationR3c1bFull,PillarA/Arithmetic,CNNA/PillarA/Arithmetic/Smoke/GeneratedInteriorLocalStepCancellationR3c1bFull.lean,1,1,0,0,3,52,0,0,0
CNNA.PillarA.Arithmetic.Smoke.GeneratedInteriorLocalStepSchurCancellationInvariantSM3db2aR,PillarA/Arithmetic,CNNA/PillarA/Arithmetic/Smoke/GeneratedInteriorLocalStepSchurCancellationInvariantSM3db2aR.lean,1,1,0,0,3,44,0,0,0
CNNA.PillarA.Arithmetic.Smoke.GeneratedInteriorLocalStepSchurCancellationSourceAuditR3c1b0,PillarA/Arithmetic,CNNA/PillarA/Arithmetic/Smoke/GeneratedInteriorLocalStepSchurCancellationSourceAuditR3c1b0.lean,1,1,0,0,3,43,0,0,0
CNNA.PillarA.Arithmetic.Smoke.GeneratedInteriorPerPivotRegularityFromTraceSM3db2bR,PillarA/Arithmetic,CNNA/PillarA/Arithmetic/Smoke/GeneratedInteriorPerPivotRegularityFromTraceSM3db2bR.lean,1,1,0,0,3,45,0,0,0
CNNA.PillarA.Arithmetic.Smoke.GeneratedInteriorProductIdentityProofR4a,PillarA/Arithmetic,CNNA/PillarA/Arithmetic/Smoke/GeneratedInteriorProductIdentityProofR4a.lean,1,1,0,0,2,66,0,0,0
CNNA.PillarA.Arithmetic.Smoke.GeneratedInteriorProvenTwoSidedInvR5,PillarA/Arithmetic,CNNA/PillarA/Arithmetic/Smoke/GeneratedInteriorProvenTwoSidedInvR5.lean,2,2,0,0,2,67,0,0,0
CNNA.PillarA.Arithmetic.Smoke.GeneratedInteriorTerminalFoldResidualCoverageSM3db4aT,PillarA/Arithmetic,CNNA/PillarA/Arithmetic/Smoke/GeneratedInteriorTerminalFoldResidualCoverageSM3db4aT.lean,1,1,0,0,3,55,0,0,0
CNNA.PillarA.Arithmetic.Smoke.GeneratedInteriorTerminalFoldResidualIdentityEquationSourceSM3db4aV,PillarA/Arithmetic,CNNA/PillarA/Arithmetic/Smoke/GeneratedInteriorTerminalFoldResidualIdentityEquationSourceSM3db4aV.lean,1,1,0,0,3,57,0,0,0
CNNA.PillarA.Arithmetic.Smoke.GeneratedInteriorTerminalFoldResidualIdentityFieldsSM3db4aU,PillarA/Arithmetic,CNNA/PillarA/Arithmetic/Smoke/GeneratedInteriorTerminalFoldResidualIdentityFieldsSM3db4aU.lean,1,1,0,0,4,56,0,0,0
CNNA.PillarA.Arithmetic.Smoke.GeneratedInteriorTerminalIdentityFieldCertificateFromEquationSourceSM3db4aW,PillarA/Arithmetic,CNNA/PillarA/Arithmetic/Smoke/GeneratedInteriorTerminalIdentityFieldCertificateFromEquationSourceSM3db4aW.lean,2,2,0,0,3,59,0,0,0
CNNA.PillarA.Arithmetic.Smoke.GeneratedInteriorTraceCancellationDerivation,PillarA/Arithmetic,CNNA/PillarA/Arithmetic/Smoke/GeneratedInteriorTraceCancellationDerivation.lean,1,1,0,0,3,46,0,0,0
CNNA.PillarA.Arithmetic.Smoke.GeneratedInteriorTraceCancellationR3c2,PillarA/Arithmetic,CNNA/PillarA/Arithmetic/Smoke/GeneratedInteriorTraceCancellationR3c2.lean,2,2,0,0,3,65,0,0,0
CNNA.PillarA.Arithmetic.Smoke.GeneratedInteriorTracePivotScaleWitnessFromGeneratedDegreeSM3db2cR,PillarA/Arithmetic,CNNA/PillarA/Arithmetic/Smoke/GeneratedInteriorTracePivotScaleWitnessFromGeneratedDegreeSM3db2cR.lean,1,1,0,0,2,46,0,0,0
CNNA.PillarA.Arithmetic.Smoke.GeneratedInteriorTracePivotTerminalCoverageSourceSM3db3aR,PillarA/Arithmetic,CNNA/PillarA/Arithmetic/Smoke/GeneratedInteriorTracePivotTerminalCoverageSourceSM3db3aR.lean,1,1,0,0,3,54,0,0,0
CNNA.PillarA.Arithmetic.Smoke.GeneratedInteriorTwoSidedInv,PillarA/Arithmetic,CNNA/PillarA/Arithmetic/Smoke/GeneratedInteriorTwoSidedInv.lean,2,2,0,0,3,35,0,0,0
CNNA.PillarA.Arithmetic.Smoke.GeneratedInteriorTwoSidedInvFromSM3db7R,PillarA/Arithmetic,CNNA/PillarA/Arithmetic/Smoke/GeneratedInteriorTwoSidedInvFromSM3db7R.lean,2,2,0,0,4,45,0,0,0
CNNA.PillarA.Arithmetic.Smoke.GeneratedInverseCandidateExecEntrySourceSM3eRq,PillarA/Arithmetic,CNNA/PillarA/Arithmetic/Smoke/GeneratedInverseCandidateExecEntrySourceSM3eRq.lean,2,2,0,0,2,47,0,0,0
CNNA.PillarA.Arithmetic.Smoke.GeneratedLevelHistoryBoundaryPortSourceSM6a,PillarA/Arithmetic,CNNA/PillarA/Arithmetic/Smoke/GeneratedLevelHistoryBoundaryPortSourceSM6a.lean,1,1,0,0,2,75,0,0,0
CNNA.PillarA.Arithmetic.Smoke.GeneratedLevelHistoryCharpolyExecFromMirrorSM9b,PillarA/Arithmetic,CNNA/PillarA/Arithmetic/Smoke/GeneratedLevelHistoryCharpolyExecFromMirrorSM9b.lean,2,2,0,0,2,129,0,0,0
CNNA.PillarA.Arithmetic.Smoke.GeneratedLevelHistoryExecMatrixFromSM6bRecheckSM8,PillarA/Arithmetic,CNNA/PillarA/Arithmetic/Smoke/GeneratedLevelHistoryExecMatrixFromSM6bRecheckSM8.lean,2,2,0,0,2,90,0,0,0
CNNA.PillarA.Arithmetic.Smoke.GeneratedLevelHistoryExecMirrorSourceFromSM8RecheckSM9a,PillarA/Arithmetic,CNNA/PillarA/Arithmetic/Smoke/GeneratedLevelHistoryExecMirrorSourceFromSM8RecheckSM9a.lean,2,2,0,0,2,92,0,0,0
CNNA.PillarA.Arithmetic.Smoke.GeneratedLevelHistoryExecMirrorSourceSM9a,PillarA/Arithmetic,CNNA/PillarA/Arithmetic/Smoke/GeneratedLevelHistoryExecMirrorSourceSM9a.lean,2,2,0,0,2,80,0,0,0
CNNA.PillarA.Arithmetic.Smoke.GeneratedLevelHistoryMatrixFromBridgeSM8,PillarA/Arithmetic,CNNA/PillarA/Arithmetic/Smoke/GeneratedLevelHistoryMatrixFromBridgeSM8.lean,1,1,0,0,3,78,0,0,0
CNNA.PillarA.Arithmetic.Smoke.GeneratedLevelHistoryOperationalCharpolyPolynomialProfileFromSM9b,PillarA/Arithmetic,CNNA/PillarA/Arithmetic/Smoke/GeneratedLevelHistoryOperationalCharpolyPolynomialProfileFromSM9b.lean,1,1,0,0,2,130,0,0,0
CNNA.PillarA.Arithmetic.Smoke.GeneratedLevelHistoryOperationalCoefficientSourceFromSM9c,PillarA/Arithmetic,CNNA/PillarA/Arithmetic/Smoke/GeneratedLevelHistoryOperationalCoefficientSourceFromSM9c.lean,1,1,0,0,2,131,0,0,0
CNNA.PillarA.Arithmetic.Smoke.GeneratedLevelHistorySchurIndexBridgeRecheckSM7a,PillarA/Arithmetic,CNNA/PillarA/Arithmetic/Smoke/GeneratedLevelHistorySchurIndexBridgeRecheckSM7a.lean,2,2,0,0,2,77,0,0,0
CNNA.PillarA.Arithmetic.Smoke.GeneratedLevelHistoryToSchurIndexSM7,PillarA/Arithmetic,CNNA/PillarA/Arithmetic/Smoke/GeneratedLevelHistoryToSchurIndexSM7.lean,1,1,0,0,2,75,0,0,0
CNNA.PillarA.Arithmetic.Smoke.GeneratedLevelStepExecMirrorSourceFromSM5qRecheckSM6b,PillarA/Arithmetic,CNNA/PillarA/Arithmetic/Smoke/GeneratedLevelStepExecMirrorSourceFromSM5qRecheckSM6b.lean,2,2,0,0,2,85,0,0,0
CNNA.PillarA.Arithmetic.Smoke.GeneratedLevelStepExecMirrorSourceSM6b,PillarA/Arithmetic,CNNA/PillarA/Arithmetic/Smoke/GeneratedLevelStepExecMirrorSourceSM6b.lean,2,2,0,0,2,76,0,0,0
CNNA.PillarA.Arithmetic.Smoke.GeneratedLevelStepWitnessSM6,PillarA/Arithmetic,CNNA/PillarA/Arithmetic/Smoke/GeneratedLevelStepWitnessSM6.lean,1,1,0,0,5,74,0,0,0
CNNA.PillarA.Arithmetic.Smoke.GeneratedMainPath,PillarA/Arithmetic,CNNA/PillarA/Arithmetic/Smoke/GeneratedMainPath.lean,1,1,0,0,3,21,0,0,0
CNNA.PillarA.Arithmetic.Smoke.GeneratedMultiSchurExecBoundaryOperatorFromSM3fqPlusSM4q,PillarA/Arithmetic,CNNA/PillarA/Arithmetic/Smoke/GeneratedMultiSchurExecBoundaryOperatorFromSM3fqPlusSM4q.lean,2,2,0,0,2,79,0,0,0
CNNA.PillarA.Arithmetic.Smoke.GeneratedMultiSchurExecBoundaryOperatorSM4q,PillarA/Arithmetic,CNNA/PillarA/Arithmetic/Smoke/GeneratedMultiSchurExecBoundaryOperatorSM4q.lean,2,2,0,0,2,74,0,0,0
CNNA.PillarA.Arithmetic.Smoke.GeneratedMultiSchurSM4,PillarA/Arithmetic,CNNA/PillarA/Arithmetic/Smoke/GeneratedMultiSchurSM4.lean,1,1,0,0,4,72,0,0,0
CNNA.PillarA.Arithmetic.Smoke.GeneratedOperationalDegreeReciprocalSourceSM3db2fR,PillarA/Arithmetic,CNNA/PillarA/Arithmetic/Smoke/GeneratedOperationalDegreeReciprocalSourceSM3db2fR.lean,2,2,0,0,3,50,0,0,0
CNNA.PillarA.Arithmetic.Smoke.GeneratedOperationalDeterminantCoefficientRecurrenceSM9e,PillarA/Arithmetic,CNNA/PillarA/Arithmetic/Smoke/GeneratedOperationalDeterminantCoefficientRecurrenceSM9e.lean,1,1,0,0,3,132,0,0,0
CNNA.PillarA.Arithmetic.Smoke.GeneratedOperationalDeterminantEvaluationBridgeFromSM9e,PillarA/Arithmetic,CNNA/PillarA/Arithmetic/Smoke/GeneratedOperationalDeterminantEvaluationBridgeFromSM9e.lean,1,1,0,0,2,133,0,0,0
CNNA.PillarA.Arithmetic.Smoke.GeneratedOperationalDeterminantForwardEvaluationBridgeFromSM9ePlus,PillarA/Arithmetic,CNNA/PillarA/Arithmetic/Smoke/GeneratedOperationalDeterminantForwardEvaluationBridgeFromSM9ePlus.lean,2,2,0,0,2,136,0,0,0
CNNA.PillarA.Arithmetic.Smoke.GeneratedOperationalDiscriminantFactorGateFromSM9fFull,PillarA/Arithmetic,CNNA/PillarA/Arithmetic/Smoke/GeneratedOperationalDiscriminantFactorGateFromSM9fFull.lean,1,1,0,0,2,137,0,0,0
CNNA.PillarA.Arithmetic.Smoke.GeneratedOperationalQuadraticCoefficientWindowFromSM9dSM9e,PillarA/Arithmetic,CNNA/PillarA/Arithmetic/Smoke/GeneratedOperationalQuadraticCoefficientWindowFromSM9dSM9e.lean,1,1,0,0,2,138,0,0,0
CNNA.PillarA.Arithmetic.Smoke.GeneratedOperationalQuadraticDiscriminantSourceFromSM9g1Window,PillarA/Arithmetic,CNNA/PillarA/Arithmetic/Smoke/GeneratedOperationalQuadraticDiscriminantSourceFromSM9g1Window.lean,1,1,0,0,1,139,0,0,0
CNNA.PillarA.Arithmetic.Smoke.GeneratedResetSM3LedgerSM3iR,PillarA/Arithmetic,CNNA/PillarA/Arithmetic/Smoke/GeneratedResetSM3LedgerSM3iR.lean,1,1,0,0,3,71,0,0,0
CNNA.PillarA.Arithmetic.Smoke.GeneratedSM3fSchurExecCompletionSM3fqPlus,PillarA/Arithmetic,CNNA/PillarA/Arithmetic/Smoke/GeneratedSM3fSchurExecCompletionSM3fqPlus.lean,2,2,0,0,2,73,0,0,0
CNNA.PillarA.Arithmetic.Smoke.GeneratedSM3fSchurExecEntrySourceSM3fq,PillarA/Arithmetic,CNNA/PillarA/Arithmetic/Smoke/GeneratedSM3fSchurExecEntrySourceSM3fq.lean,1,1,0,0,2,69,0,0,0
CNNA.PillarA.Arithmetic.Smoke.GeneratedSource,PillarA/Arithmetic,CNNA/PillarA/Arithmetic/Smoke/GeneratedSource.lean,1,1,0,0,3,20,0,0,0
CNNA.PillarA.Arithmetic.Smoke.GeneratedTopBoundaryDtNSM3gR,PillarA/Arithmetic,CNNA/PillarA/Arithmetic/Smoke/GeneratedTopBoundaryDtNSM3gR.lean,1,1,0,0,2,69,0,0,0
CNNA.PillarA.Arithmetic.Smoke.OperationalBoundedPolynomialEvaluationNormalFormSM9ePlus,PillarA/Arithmetic,CNNA/PillarA/Arithmetic/Smoke/OperationalBoundedPolynomialEvaluationNormalFormSM9ePlus.lean,1,1,0,0,2,133,0,0,0
CNNA.PillarA.Arithmetic.Smoke.OperationalBoundedPolynomialForwardEvaluationSourceSM9ePlus,PillarA/Arithmetic,CNNA/PillarA/Arithmetic/Smoke/OperationalBoundedPolynomialForwardEvaluationSourceSM9ePlus.lean,1,1,0,0,2,134,0,0,0
CNNA.PillarA.Arithmetic.Smoke.SM3dbRToSM3eRHandoff,PillarA/Arithmetic,CNNA/PillarA/Arithmetic/Smoke/SM3dbRToSM3eRHandoff.lean,1,1,0,0,4,44,0,0,0
CNNA.PillarA.BuildAll,PillarA,CNNA/PillarA/BuildAll.lean,13,13,0,0,2,274,1,0,0
CNNA.PillarA.Closure.BuildAll,PillarA/Closure,CNNA/PillarA/Closure/BuildAll.lean,3,3,0,0,1,37,1,0,0
CNNA.PillarA.Closure.Notation,PillarA/Closure,CNNA/PillarA/Closure/Notation.lean,1,1,0,0,3,36,0,1,0
CNNA.PillarA.Closure.ParameterClosure,PillarA/Closure,CNNA/PillarA/Closure/ParameterClosure.lean,2,2,0,0,2,34,0,0,0
CNNA.PillarA.Closure.RegularizationClosure,PillarA/Closure,CNNA/PillarA/Closure/RegularizationClosure.lean,1,1,0,0,4,35,0,0,0
CNNA.PillarA.Coupling.BuildAll,PillarA/Coupling,CNNA/PillarA/Coupling/BuildAll.lean,3,3,0,0,1,33,1,0,0
CNNA.PillarA.Coupling.GeneralizedDtN,PillarA/Coupling,CNNA/PillarA/Coupling/GeneralizedDtN.lean,2,2,0,0,3,30,0,0,0
CNNA.PillarA.Coupling.MultiSchur,PillarA/Coupling,CNNA/PillarA/Coupling/MultiSchur.lean,1,1,0,0,5,31,0,0,0
CNNA.PillarA.Coupling.Notation,PillarA/Coupling,CNNA/PillarA/Coupling/Notation.lean,1,1,0,0,2,32,0,1,0
CNNA.PillarA.DtN.BuildAll,PillarA/DtN,CNNA/PillarA/DtN/BuildAll.lean,3,3,0,0,1,28,1,0,0
CNNA.PillarA.DtN.DtN,PillarA/DtN,CNNA/PillarA/DtN/DtN.lean,1,1,0,0,5,25,0,0,0
CNNA.PillarA.DtN.DtNStabilized,PillarA/DtN,CNNA/PillarA/DtN/DtNStabilized.lean,3,3,0,0,4,26,0,0,0
CNNA.PillarA.DtN.Notation,PillarA/DtN,CNNA/PillarA/DtN/Notation.lean,1,1,0,0,3,27,0,1,0
CNNA.PillarA.Finite.Approximant,PillarA/Finite,CNNA/PillarA/Finite/Approximant.lean,1,1,0,0,3,23,0,0,0
CNNA.PillarA.Finite.BoundaryPorts,PillarA/Finite,CNNA/PillarA/Finite/BoundaryPorts.lean,1,1,0,0,2,22,0,0,0
CNNA.PillarA.Finite.BuildAll,PillarA/Finite,CNNA/PillarA/Finite/BuildAll.lean,17,17,0,0,1,46,1,0,0
CNNA.PillarA.Finite.ChannelSeed,PillarA/Finite,CNNA/PillarA/Finite/ChannelSeed.lean,4,1,3,0,3,33,0,0,0
CNNA.PillarA.Finite.CutSpec,PillarA/Finite,CNNA/PillarA/Finite/CutSpec.lean,1,1,0,0,2,20,0,0,0
CNNA.PillarA.Finite.DirichletLaplacian,PillarA/Finite,CNNA/PillarA/Finite/DirichletLaplacian.lean,3,3,0,0,4,24,0,0,0
CNNA.PillarA.Finite.DynamicsAdapter,PillarA/Finite,CNNA/PillarA/Finite/DynamicsAdapter.lean,1,1,0,0,3,32,0,0,0
CNNA.PillarA.Finite.ExecSpectral.BuildAll,PillarA/Finite,CNNA/PillarA/Finite/ExecSpectral/BuildAll.lean,6,6,0,0,2,32,1,0,0
CNNA.PillarA.Finite.ExecSpectral.Certificates,PillarA/Finite,CNNA/PillarA/Finite/ExecSpectral/Certificates.lean,1,1,0,0,2,31,0,0,0
CNNA.PillarA.Finite.ExecSpectral.CharpolyCore,PillarA/Finite,CNNA/PillarA/Finite/ExecSpectral/CharpolyCore.lean,1,1,0,0,2,27,0,0,0
CNNA.PillarA.Finite.ExecSpectral.EigenvectorKernel,PillarA/Finite,CNNA/PillarA/Finite/ExecSpectral/EigenvectorKernel.lean,1,1,0,0,2,29,0,0,0
CNNA.PillarA.Finite.ExecSpectral.Notation,PillarA/Finite,CNNA/PillarA/Finite/ExecSpectral/Notation.lean,1,1,0,0,1,33,0,1,0
CNNA.PillarA.Finite.ExecSpectral.PolynomialCore,PillarA/Finite,CNNA/PillarA/Finite/ExecSpectral/PolynomialCore.lean,1,1,0,0,2,26,0,0,0
CNNA.PillarA.Finite.ExecSpectral.ProjectorCore,PillarA/Finite,CNNA/PillarA/Finite/ExecSpectral/ProjectorCore.lean,1,1,0,0,2,30,0,0,0
CNNA.PillarA.Finite.ExecSpectral.RootIsolation,PillarA/Finite,CNNA/PillarA/Finite/ExecSpectral/RootIsolation.lean,1,1,0,0,2,28,0,0,0
CNNA.PillarA.Finite.GibbsStateSeed,PillarA/Finite,CNNA/PillarA/Finite/GibbsStateSeed.lean,3,1,2,0,2,31,0,0,0
CNNA.PillarA.Finite.MatrixExponential,PillarA/Finite,CNNA/PillarA/Finite/MatrixExponential.lean,3,1,2,0,4,30,0,0,0
CNNA.PillarA.Finite.Notation,PillarA/Finite,CNNA/PillarA/Finite/Notation.lean,12,12,0,0,2,45,0,1,0
CNNA.PillarA.Finite.RegionCore,PillarA/Finite,CNNA/PillarA/Finite/RegionCore.lean,1,1,0,0,2,21,0,0,0
CNNA.PillarA.Finite.Selection,PillarA/Finite,CNNA/PillarA/Finite/Selection.lean,1,1,0,0,2,24,0,0,0
CNNA.PillarA.Finite.SpectralBridge,PillarA/Finite,CNNA/PillarA/Finite/SpectralBridge.lean,1,1,0,0,3,28,0,0,0
CNNA.PillarA.Finite.SpectralDecomposition,PillarA/Finite,CNNA/PillarA/Finite/SpectralDecomposition.lean,2,2,0,0,2,32,0,0,0
CNNA.PillarA.Finite.SpectralDecompositionC,PillarA/Finite,CNNA/PillarA/Finite/SpectralDecompositionC.lean,3,2,1,0,3,27,0,0,0
CNNA.PillarA.Finite.SpectralDecompositionCore,PillarA/Finite,CNNA/PillarA/Finite/SpectralDecompositionCore.lean,3,1,2,0,3,25,0,0,0
CNNA.PillarA.Finite.StateSpace,PillarA/Finite,CNNA/PillarA/Finite/StateSpace.lean,2,1,1,0,3,29,0,0,0
CNNA.PillarA.Finite.UnitaryEvolution,PillarA/Finite,CNNA/PillarA/Finite/UnitaryEvolution.lean,2,1,1,0,3,31,0,0,0
CNNA.PillarA.Foundation.BuildAll,PillarA/Foundation,CNNA/PillarA/Foundation/BuildAll.lean,16,16,0,0,1,16,1,0,0
CNNA.PillarA.Foundation.ConcreteSubstrate,PillarA/Foundation,CNNA/PillarA/Foundation/ConcreteSubstrate.lean,4,1,3,0,5,8,0,0,0
CNNA.PillarA.Foundation.Determinism,PillarA/Foundation,CNNA/PillarA/Foundation/Determinism.lean,2,1,1,0,7,7,0,0,0
CNNA.PillarA.Foundation.ExecComplex,PillarA/Foundation,CNNA/PillarA/Foundation/ExecComplex.lean,6,1,5,0,5,1,0,0,0
CNNA.PillarA.Foundation.ExecComplexBridge,PillarA/Foundation,CNNA/PillarA/Foundation/ExecComplexBridge.lean,6,2,4,0,8,5,0,0,0
CNNA.PillarA.Foundation.ExecComplexLemmas,PillarA/Foundation,CNNA/PillarA/Foundation/ExecComplexLemmas.lean,1,1,0,0,1,2,0,0,0
CNNA.PillarA.Foundation.FiniteHilbert,PillarA/Foundation,CNNA/PillarA/Foundation/FiniteHilbert.lean,2,1,1,0,3,1,0,0,0
CNNA.PillarA.Foundation.HermitianStructure,PillarA/Foundation,CNNA/PillarA/Foundation/HermitianStructure.lean,2,0,2,0,3,0,0,0,0
CNNA.PillarA.Foundation.Interfaces,PillarA/Foundation,CNNA/PillarA/Foundation/Interfaces.lean,4,4,0,0,3,6,0,0,0
CNNA.PillarA.Foundation.LevelVariableSubstrate,PillarA/Foundation,CNNA/PillarA/Foundation/LevelVariableSubstrate.lean,4,1,3,0,5,8,0,0,0
CNNA.PillarA.Foundation.MatrixAlgebra,PillarA/Foundation,CNNA/PillarA/Foundation/MatrixAlgebra.lean,4,1,3,0,4,2,0,0,0
CNNA.PillarA.Foundation.MatrixNorms,PillarA/Foundation,CNNA/PillarA/Foundation/MatrixNorms.lean,4,1,3,0,9,2,0,0,0
CNNA.PillarA.Foundation.Notation,PillarA/Foundation,CNNA/PillarA/Foundation/Notation.lean,10,10,0,0,4,13,0,1,0
CNNA.PillarA.Foundation.RegularizationPolicy,PillarA/Foundation,CNNA/PillarA/Foundation/RegularizationPolicy.lean,3,2,1,0,3,8,0,0,0
CNNA.PillarA.Foundation.SubstrateAnalysis,PillarA/Foundation,CNNA/PillarA/Foundation/SubstrateAnalysis.lean,2,2,0,0,2,10,0,0,0
CNNA.PillarA.Foundation.SubstrateClass,PillarA/Foundation,CNNA/PillarA/Foundation/SubstrateClass.lean,1,0,1,0,3,0,0,0,0
CNNA.PillarA.Foundation.WeightPolicy,PillarA/Foundation,CNNA/PillarA/Foundation/WeightPolicy.lean,2,1,1,0,4,8,0,0,0
CNNA.PillarA.Geometry.BuildAll,PillarA/Geometry,CNNA/PillarA/Geometry/BuildAll.lean,4,4,0,0,1,20,1,0,0
CNNA.PillarA.Geometry.Foliation,PillarA/Geometry,CNNA/PillarA/Geometry/Foliation.lean,1,1,0,0,2,17,0,0,0
CNNA.PillarA.Geometry.LCPMeasure,PillarA/Geometry,CNNA/PillarA/Geometry/LCPMeasure.lean,2,1,1,0,2,16,0,0,0
CNNA.PillarA.Geometry.Notation,PillarA/Geometry,CNNA/PillarA/Geometry/Notation.lean,1,1,0,0,2,19,0,1,0
CNNA.PillarA.Geometry.SpacetimePaths,PillarA/Geometry,CNNA/PillarA/Geometry/SpacetimePaths.lean,1,1,0,0,2,18,0,0,0
CNNA.PillarA.Handoff.BuildAll,PillarA/Handoff,CNNA/PillarA/Handoff/BuildAll.lean,8,8,0,0,1,75,1,0,0
CNNA.PillarA.Handoff.CayleyDicksonAdapter,PillarA/Handoff,CNNA/PillarA/Handoff/CayleyDicksonAdapter.lean,3,3,0,0,5,56,0,0,0
CNNA.PillarA.Handoff.Core.BuildAll,PillarA/Handoff,CNNA/PillarA/Handoff/Core/BuildAll.lean,3,3,0,0,2,45,1,0,0
CNNA.PillarA.Handoff.Core.SectorExport,PillarA/Handoff,CNNA/PillarA/Handoff/Core/SectorExport.lean,5,5,0,0,5,42,0,0,0
CNNA.PillarA.Handoff.Core.Step1MathData,PillarA/Handoff,CNNA/PillarA/Handoff/Core/Step1MathData.lean,1,1,0,0,2,44,0,0,0
CNNA.PillarA.Handoff.Core.Step1StrongCore,PillarA/Handoff,CNNA/PillarA/Handoff/Core/Step1StrongCore.lean,1,1,0,0,2,43,0,0,0
CNNA.PillarA.Handoff.Inputs.B_to_A,PillarA/Handoff,CNNA/PillarA/Handoff/Inputs/B_to_A.lean,1,1,0,0,1,47,0,0,0
CNNA.PillarA.Handoff.Inputs.BuildAll,PillarA/Handoff,CNNA/PillarA/Handoff/Inputs/BuildAll.lean,4,4,0,0,2,51,1,0,0
CNNA.PillarA.Handoff.Inputs.C_to_A,PillarA/Handoff,CNNA/PillarA/Handoff/Inputs/C_to_A.lean,1,1,0,0,1,47,0,0,0
CNNA.PillarA.Handoff.Inputs.D_to_A,PillarA/Handoff,CNNA/PillarA/Handoff/Inputs/D_to_A.lean,1,1,0,0,1,47,0,0,0
CNNA.PillarA.Handoff.Inputs.E_to_A,PillarA/Handoff,CNNA/PillarA/Handoff/Inputs/E_to_A.lean,1,1,0,0,1,47,0,0,0
CNNA.PillarA.Handoff.Notation,PillarA/Handoff,CNNA/PillarA/Handoff/Notation.lean,6,6,0,0,2,74,0,1,0
CNNA.PillarA.Handoff.Outputs.A_to_B,PillarA/Handoff,CNNA/PillarA/Handoff/Outputs/A_to_B.lean,1,1,0,0,2,45,0,0,0
CNNA.PillarA.Handoff.Outputs.A_to_C,PillarA/Handoff,CNNA/PillarA/Handoff/Outputs/A_to_C.lean,1,1,0,0,1,43,0,0,0
CNNA.PillarA.Handoff.Outputs.A_to_CayleyDickson,PillarA/Handoff,CNNA/PillarA/Handoff/Outputs/A_to_CayleyDickson.lean,1,1,0,0,1,57,0,0,0
CNNA.PillarA.Handoff.Outputs.A_to_D,PillarA/Handoff,CNNA/PillarA/Handoff/Outputs/A_to_D.lean,1,1,0,0,1,43,0,0,0
CNNA.PillarA.Handoff.Outputs.A_to_E,PillarA/Handoff,CNNA/PillarA/Handoff/Outputs/A_to_E.lean,1,1,0,0,1,43,0,0,0
CNNA.PillarA.Handoff.Outputs.BuildAll,PillarA/Handoff,CNNA/PillarA/Handoff/Outputs/BuildAll.lean,6,6,0,0,2,61,1,0,0
CNNA.PillarA.Handoff.Outputs.Closed,PillarA/Handoff,CNNA/PillarA/Handoff/Outputs/Closed.lean,1,1,0,0,6,46,0,0,0
CNNA.PillarA.Handoff.ProofObligationI.BuildAll,PillarA/Handoff,CNNA/PillarA/Handoff/ProofObligationI/BuildAll.lean,1,1,0,0,2,58,1,0,0
CNNA.PillarA.Handoff.ProofObligationI.Completion,PillarA/Handoff,CNNA/PillarA/Handoff/ProofObligationI/Completion.lean,1,1,0,0,1,57,0,0,0
CNNA.PillarA.Handoff.ProofObligationII.BuildAll,PillarA/Handoff,CNNA/PillarA/Handoff/ProofObligationII/BuildAll.lean,1,1,0,0,2,58,1,0,0
CNNA.PillarA.Handoff.ProofObligationII.Preparation,PillarA/Handoff,CNNA/PillarA/Handoff/ProofObligationII/Preparation.lean,1,1,0,0,1,57,0,0,0
CNNA.PillarA.Handoff.ProofObligationIII.BuildAll,PillarA/Handoff,CNNA/PillarA/Handoff/ProofObligationIII/BuildAll.lean,1,1,0,0,2,58,1,0,0
CNNA.PillarA.Handoff.ProofObligationIII.Preparation,PillarA/Handoff,CNNA/PillarA/Handoff/ProofObligationIII/Preparation.lean,1,1,0,0,1,57,0,0,0
CNNA.PillarA.Network.BuildAll,PillarA/Network,CNNA/PillarA/Network/BuildAll.lean,6,6,0,0,1,37,1,0,0
CNNA.PillarA.Network.InfiniteCarrier,PillarA/Network,CNNA/PillarA/Network/InfiniteCarrier.lean,1,1,0,0,4,31,0,0,0
CNNA.PillarA.Network.Notation,PillarA/Network,CNNA/PillarA/Network/Notation.lean,4,4,0,0,2,36,0,1,0
CNNA.PillarA.Network.RegionNet,PillarA/Network,CNNA/PillarA/Network/RegionNet.lean,1,1,0,0,3,30,0,0,0
CNNA.PillarA.Network.RelativeEntropyFlow,PillarA/Network,CNNA/PillarA/Network/RelativeEntropyFlow.lean,1,1,0,0,2,33,0,0,0
CNNA.PillarA.Network.SectorChannels,PillarA/Network,CNNA/PillarA/Network/SectorChannels.lean,1,1,0,0,3,31,0,0,0
CNNA.PillarA.Network.SectorSysEnv,PillarA/Network,CNNA/PillarA/Network/SectorSysEnv.lean,1,1,0,0,2,32,0,0,0
CNNA.PillarA.Notation,PillarA,CNNA/PillarA/Notation.lean,11,11,0,0,2,225,0,1,0
CNNA.PillarA.Sectors.BranchPatch,PillarA/Sectors,CNNA/PillarA/Sectors/BranchPatch.lean,1,1,0,0,2,27,0,0,0
CNNA.PillarA.Sectors.BranchingSelector,PillarA/Sectors,CNNA/PillarA/Sectors/BranchingSelector.lean,1,1,0,0,3,33,0,0,0
CNNA.PillarA.Sectors.BranchingWitness,PillarA/Sectors,CNNA/PillarA/Sectors/BranchingWitness.lean,1,1,0,0,2,30,0,0,0
CNNA.PillarA.Sectors.BuildAll,PillarA/Sectors,CNNA/PillarA/Sectors/BuildAll.lean,8,8,0,0,1,35,1,0,0
CNNA.PillarA.Sectors.ComplementSectorFamily,PillarA/Sectors,CNNA/PillarA/Sectors/ComplementSectorFamily.lean,1,1,0,0,2,28,0,0,0
CNNA.PillarA.Sectors.Notation,PillarA/Sectors,CNNA/PillarA/Sectors/Notation.lean,1,1,0,0,2,34,0,1,0
CNNA.PillarA.Sectors.SectorSplit,PillarA/Sectors,CNNA/PillarA/Sectors/SectorSplit.lean,1,1,0,0,4,29,0,0,0
CNNA.PillarA.Sectors.SelectedBranching,PillarA/Sectors,CNNA/PillarA/Sectors/SelectedBranching.lean,1,1,0,0,2,31,0,0,0
CNNA.PillarA.Sectors.UVSpectralSelector,PillarA/Sectors,CNNA/PillarA/Sectors/UVSpectralSelector.lean,1,1,0,0,2,32,0,0,0
CNNA.PillarA.Structural.BuildAll,PillarA/Structural,CNNA/PillarA/Structural/BuildAll.lean,1,1,0,0,1,76,1,0,0
CNNA.PillarA.Structural.CayleyDickson.BuildAll,PillarA/Structural,CNNA/PillarA/Structural/CayleyDickson/BuildAll.lean,35,35,0,0,1,75,1,0,0
CNNA.PillarA.Structural.CayleyDickson.S6AdditionalFinding,PillarA/Structural,CNNA/PillarA/Structural/CayleyDickson/S6AdditionalFinding.lean,1,1,0,0,2,41,0,0,0
CNNA.PillarA.Structural.CayleyDickson.S6AlternativeLawScaffold,PillarA/Structural,CNNA/PillarA/Structural/CayleyDickson/S6AlternativeLawScaffold.lean,1,1,0,0,3,50,0,0,0
CNNA.PillarA.Structural.CayleyDickson.S6CanonicalDivisionFromNormSq,PillarA/Structural,CNNA/PillarA/Structural/CayleyDickson/S6CanonicalDivisionFromNormSq.lean,2,2,0,0,2,68,0,0,0
CNNA.PillarA.Structural.CayleyDickson.S6CanonicalIdealAlgebraizationPath,PillarA/Structural,CNNA/PillarA/Structural/CayleyDickson/S6CanonicalIdealAlgebraizationPath.lean,1,1,0,0,2,53,0,0,0
CNNA.PillarA.Structural.CayleyDickson.S6CanonicalNormSqBlockSystem,PillarA/Structural,CNNA/PillarA/Structural/CayleyDickson/S6CanonicalNormSqBlockSystem.lean,2,2,0,0,2,70,0,0,0
CNNA.PillarA.Structural.CayleyDickson.S6CanonicalNormSqCandidate,PillarA/Structural,CNNA/PillarA/Structural/CayleyDickson/S6CanonicalNormSqCandidate.lean,2,2,0,0,2,63,0,0,0
CNNA.PillarA.Structural.CayleyDickson.S6CanonicalNormSqDefined,PillarA/Structural,CNNA/PillarA/Structural/CayleyDickson/S6CanonicalNormSqDefined.lean,2,2,0,0,4,66,0,0,0
CNNA.PillarA.Structural.CayleyDickson.S6CanonicalNormSqReduction,PillarA/Structural,CNNA/PillarA/Structural/CayleyDickson/S6CanonicalNormSqReduction.lean,1,1,0,0,2,67,0,0,0
CNNA.PillarA.Structural.CayleyDickson.S6CanonicalNormSqSimultaneousSystem,PillarA/Structural,CNNA/PillarA/Structural/CayleyDickson/S6CanonicalNormSqSimultaneousSystem.lean,1,1,0,0,1,71,0,0,0
CNNA.PillarA.Structural.CayleyDickson.S6CanonicalProductMultiplicationCandidate,PillarA/Structural,CNNA/PillarA/Structural/CayleyDickson/S6CanonicalProductMultiplicationCandidate.lean,1,1,0,0,3,53,0,0,0
CNNA.PillarA.Structural.CayleyDickson.S6CanonicalProductSurfaceCandidate,PillarA/Structural,CNNA/PillarA/Structural/CayleyDickson/S6CanonicalProductSurfaceCandidate.lean,1,1,0,0,3,52,0,0,0
CNNA.PillarA.Structural.CayleyDickson.S6CanonicalScalarPart,PillarA/Structural,CNNA/PillarA/Structural/CayleyDickson/S6CanonicalScalarPart.lean,2,2,0,0,2,54,0,0,0
CNNA.PillarA.Structural.CayleyDickson.S6CanonicalStar,PillarA/Structural,CNNA/PillarA/Structural/CayleyDickson/S6CanonicalStar.lean,1,1,0,0,2,53,0,0,0
CNNA.PillarA.Structural.CayleyDickson.S6CayleyDicksonIdentification,PillarA/Structural,CNNA/PillarA/Structural/CayleyDickson/S6CayleyDicksonIdentification.lean,2,2,0,0,3,49,0,0,0
CNNA.PillarA.Structural.CayleyDickson.S6ConcreteSeeds,PillarA/Structural,CNNA/PillarA/Structural/CayleyDickson/S6ConcreteSeeds.lean,1,1,0,0,2,43,0,0,0
CNNA.PillarA.Structural.CayleyDickson.S6DivisionConclusionDecomposition,PillarA/Structural,CNNA/PillarA/Structural/CayleyDickson/S6DivisionConclusionDecomposition.lean,1,1,0,0,3,58,0,0,0
CNNA.PillarA.Structural.CayleyDickson.S6DivisionConclusionScaffold,PillarA/Structural,CNNA/PillarA/Structural/CayleyDickson/S6DivisionConclusionScaffold.lean,2,2,0,0,2,56,0,0,0
CNNA.PillarA.Structural.CayleyDickson.S6DivisionUpgrade,PillarA/Structural,CNNA/PillarA/Structural/CayleyDickson/S6DivisionUpgrade.lean,2,2,0,0,3,52,0,0,0
CNNA.PillarA.Structural.CayleyDickson.S6FullAlternativeLawBoundary,PillarA/Structural,CNNA/PillarA/Structural/CayleyDickson/S6FullAlternativeLawBoundary.lean,1,1,0,0,2,51,0,0,0
CNNA.PillarA.Structural.CayleyDickson.S6HurwitzStopSeed,PillarA/Structural,CNNA/PillarA/Structural/CayleyDickson/S6HurwitzStopSeed.lean,1,1,0,0,3,47,0,0,0
CNNA.PillarA.Structural.CayleyDickson.S6NormDefinitenessScaffold,PillarA/Structural,CNNA/PillarA/Structural/CayleyDickson/S6NormDefinitenessScaffold.lean,1,1,0,0,2,51,0,0,0
CNNA.PillarA.Structural.CayleyDickson.S6NormMultiplicativityScaffold,PillarA/Structural,CNNA/PillarA/Structural/CayleyDickson/S6NormMultiplicativityScaffold.lean,2,2,0,0,2,54,0,0,0
CNNA.PillarA.Structural.CayleyDickson.S6NormUpgrade,PillarA/Structural,CNNA/PillarA/Structural/CayleyDickson/S6NormUpgrade.lean,1,1,0,0,3,50,0,0,0
CNNA.PillarA.Structural.CayleyDickson.S6OctonionicSeed,PillarA/Structural,CNNA/PillarA/Structural/CayleyDickson/S6OctonionicSeed.lean,1,1,0,0,2,46,0,0,0
CNNA.PillarA.Structural.CayleyDickson.S6PhaseICompactClosure,PillarA/Structural,CNNA/PillarA/Structural/CayleyDickson/S6PhaseICompactClosure.lean,1,1,0,0,2,57,0,0,0
CNNA.PillarA.Structural.CayleyDickson.S6ProofDutyGroups,PillarA/Structural,CNNA/PillarA/Structural/CayleyDickson/S6ProofDutyGroups.lean,1,1,0,0,3,48,0,0,0
CNNA.PillarA.Structural.CayleyDickson.S6QuaternionicSeed,PillarA/Structural,CNNA/PillarA/Structural/CayleyDickson/S6QuaternionicSeed.lean,1,1,0,0,3,45,0,0,0
CNNA.PillarA.Structural.CayleyDickson.S6ResearchReadinessBridge,PillarA/Structural,CNNA/PillarA/Structural/CayleyDickson/S6ResearchReadinessBridge.lean,2,2,0,0,1,50,0,0,0
CNNA.PillarA.Structural.CayleyDickson.S6ResearchSchema,PillarA/Structural,CNNA/PillarA/Structural/CayleyDickson/S6ResearchSchema.lean,1,1,0,0,3,48,0,0,0
CNNA.PillarA.Structural.CayleyDickson.S6RoleCompositionSeed,PillarA/Structural,CNNA/PillarA/Structural/CayleyDickson/S6RoleCompositionSeed.lean,1,1,0,0,2,44,0,0,0
CNNA.PillarA.Structural.CayleyDickson.S6Slot1AlternativeLaw,PillarA/Structural,CNNA/PillarA/Structural/CayleyDickson/S6Slot1AlternativeLaw.lean,1,1,0,0,1,54,0,0,0
CNNA.PillarA.Structural.CayleyDickson.S6Slot2NormSqMultiplicativity,PillarA/Structural,CNNA/PillarA/Structural/CayleyDickson/S6Slot2NormSqMultiplicativity.lean,1,1,0,0,3,59,0,0,0
CNNA.PillarA.Structural.CayleyDickson.S6Slot3DivisionFromNormSqLogic,PillarA/Structural,CNNA/PillarA/Structural/CayleyDickson/S6Slot3DivisionFromNormSqLogic.lean,2,2,0,0,2,60,0,0,0
CNNA.PillarA.Structural.CayleyDickson.S6StatusLayer,PillarA/Structural,CNNA/PillarA/Structural/CayleyDickson/S6StatusLayer.lean,1,1,0,0,3,42,0,0,0
CNNA.PillarA.Structural.CayleyDickson.Source,PillarA/Structural,CNNA/PillarA/Structural/CayleyDickson/Source.lean,3,3,0,0,2,40,0,0,0
CNNA.PillarA.ToC.Addressing,PillarA/ToC,CNNA/PillarA/ToC/Addressing.lean,2,2,0,0,3,15,0,0,0
CNNA.PillarA.ToC.BuildAll,PillarA/ToC,CNNA/PillarA/ToC/BuildAll.lean,7,7,0,0,2,21,1,0,0
CNNA.PillarA.ToC.Concrete,PillarA/ToC,CNNA/PillarA/ToC/Concrete.lean,4,4,0,0,3,18,0,0,0
CNNA.PillarA.ToC.ConcreteIdeal,PillarA/ToC,CNNA/PillarA/ToC/ConcreteIdeal.lean,2,2,0,0,3,17,0,0,0
CNNA.PillarA.ToC.Contract,PillarA/ToC,CNNA/PillarA/ToC/Contract.lean,2,2,0,0,2,14,0,0,0
CNNA.PillarA.ToC.GeneratedBranchFamily,PillarA/ToC,CNNA/PillarA/ToC/GeneratedBranchFamily.lean,3,3,0,0,2,19,0,0,0
CNNA.PillarA.ToC.IdealAddressEquiv,PillarA/ToC,CNNA/PillarA/ToC/IdealAddressEquiv.lean,1,1,0,0,3,16,0,0,0
CNNA.PillarA.ToC.Notation,PillarA/ToC,CNNA/PillarA/ToC/Notation.lean,2,2,0,0,3,19,0,1,0
CNNA.PillarB,PillarB,CNNA/PillarB.lean,1,1,0,0,0,1,0,0,0
CNNA.PillarB.BuildAll,PillarB,CNNA/PillarB/BuildAll.lean,0,0,0,0,1,0,1,0,0
CNNA.PillarC,PillarC,CNNA/PillarC.lean,1,1,0,0,0,1,0,0,0
CNNA.PillarC.BuildAll,PillarC,CNNA/PillarC/BuildAll.lean,0,0,0,0,1,0,1,0,0
CNNA.PillarD,PillarD,CNNA/PillarD.lean,1,1,0,0,0,1,0,0,0
CNNA.PillarD.BuildAll,PillarD,CNNA/PillarD/BuildAll.lean,0,0,0,0,1,0,1,0,0
CNNA.PillarE,PillarE,CNNA/PillarE.lean,1,1,0,0,0,1,0,0,0
CNNA.PillarE.BuildAll,PillarE,CNNA/PillarE/BuildAll.lean,0,0,0,0,1,0,1,0,0
