context_score	matched_terms	Phase	Phase status	Phase type	Title	Added modules	Modified modules	Reusable existing modules	Manifest rule	Semantic placement	Reuse/duplication audit	Canonical generator policy	Compactness rule	Duplicate risks	Consumer direction	Regression protocol	Lean/mathlib policy	Concrete traversal	Mathlib complication log	Noncomputable boundary audit
16	dtn; schur; generalizeddtn; boundary	3.7	W	refactor	GeneralizedDtN/MultiSchur										No special cross-phase consumer contract recorded yet. If a later phase consumes this output, record export shape and import direction before implementation.	Not applicable unless phase_type is refactor or the phase changes imports/declarations. If refactor applies: wrapper-first, bounded migration package, local full-build evidence before closeout.	Baseline is Lean 4.28.0/mathlib snapshot unless an explicit phase-boundary upgrade gate is opened. New imports must be verified against the chosen baseline; noncomputable/classical pressure must be logged and isolated.	Infrastructure-only or not prepared yet. Before operational code implementation, name a concrete finite instance and the path from input to output.	No phase-specific mathlib complication recorded yet.	No phase-specific noncomputable-boundary audit recorded yet.
13	dtn; schur; boundary; operator; complement	1.1.1.1.0.16	G	infrastructure	Global ontic subsystem-minimality postulate and emergence-order lock		scripts/generate_tables.py; masters/cnna_roadmap_master.yaml	global_no_go_guardrails renderer; workflow_policy renderer; object_proof_dossiers; phase table	No Lean module manifest; planning/postulate infrastructure only.	Belongs to global postulates and no-go guardrails before active implementation.	Reuses global no-go, workflow, proof-dossier and generated-table infrastructure; no duplicate roadmap source.	The table generator is the canonical renderer of POST1 and its supporting enforcement objects.	Keep the postulate in one top-level section plus LEG35/GNG22 references; avoid scattering prose copies.	ontic primitive; subsystem-being; emergence trigger	Consumer phases consume derived operator/spectral/algebraic/arithmetic data only after subsystem/cut provenance exists.	Generated views must keep POST1 visible and GNG22 inherited; no code refactor may remove the global postulate from generated documentation.	not applicable	Planning-level concrete instance: trace a finite subsystem/cut -> boundary -> complement/regime -> Schur/DtN -> derived consumer chain for later active phases.	none for the postulate. Later mathlib complications must not be solved by importing non-derived primitives.	No Lean code. Later noncomputable/mirror boundaries must remain downstream of derived subsystem provenance.
13	dtn; schur; boundary; matrix; operator	4.1	W	refactor	ExecBoundaryMatrix										Must consume the Phase 3.6 BoundaryOperatorProfile contract and must not reconstruct Schur/DtN or introduce parallel generator logic.	Not applicable unless phase_type is refactor or the phase changes imports/declarations. If refactor applies: wrapper-first, bounded migration package, local full-build evidence before closeout.	Baseline is Lean 4.28.0/mathlib snapshot unless an explicit phase-boundary upgrade gate is opened. New imports must be verified against the chosen baseline; noncomputable/classical pressure must be logged and isolated.	Infrastructure-only or not prepared yet. Before operational code implementation, name a concrete finite instance and the path from input to output.	No phase-specific mathlib complication recorded yet.	No phase-specific noncomputable-boundary audit recorded yet.
11	dtn; schur; boundary	3	W	refactor	Schur/DtN core in neutral derivation order										No special cross-phase consumer contract recorded yet. If a later phase consumes this output, record export shape and import direction before implementation.	Not applicable unless phase_type is refactor or the phase changes imports/declarations. If refactor applies: wrapper-first, bounded migration package, local full-build evidence before closeout.	Baseline is Lean 4.28.0/mathlib snapshot unless an explicit phase-boundary upgrade gate is opened. New imports must be verified against the chosen baseline; noncomputable/classical pressure must be logged and isolated.	Infrastructure-only or not prepared yet. Before operational code implementation, name a concrete finite instance and the path from input to output.	No phase-specific mathlib complication recorded yet.	No phase-specific noncomputable-boundary audit recorded yet.
8	schur; boundary; matrix; elimination	10.4.1	W	derivation	Multiscale Schur-duality bridge: horizontal sector elimination versus vertical level recursion										Consumes S05/O05/TM0/CD7/BR06/BR07/S07/S08 only. Produces BR08/BR09. Must not be imported by earlier route definitions.	Not applicable unless phase_type is refactor or the phase changes imports/declarations. If refactor applies: wrapper-first, bounded migration package, local full-build evidence before closeout.	Baseline is Lean 4.28.0/mathlib snapshot unless an explicit phase-boundary upgrade gate is opened. New imports must be verified against the chosen baseline; noncomputable/classical pressure must be logged and isolated.	Required when active: name one finite generated b-ary approximant/cut, compute both eliminations through the same matrix, and compare outputs.	No phase-specific mathlib complication recorded yet.	No phase-specific noncomputable-boundary audit recorded yet.
7	schur; boundary; complement	1.1.1.1.0.8	G	infrastructure	Horizontal/vertical Schur-complement duality dependency-order lock										One-way only: earlier route phases export S05/O05/TM0/CD7/BR06/BR07 to BR08; BR08/CD8 may not backfeed into their definitions.	Not applicable unless phase_type is refactor or the phase changes imports/declarations. If refactor applies: wrapper-first, bounded migration package, local full-build evidence before closeout.	Baseline is Lean 4.28.0/mathlib snapshot unless an explicit phase-boundary upgrade gate is opened. New imports must be verified against the chosen baseline; noncomputable/classical pressure must be logged and isolated.	Infrastructure-only gate; it requires later S07/S08/BR06/BR07 phases to show concrete finite reference/variation/full-cut instances before operational use.	No new mathlib import in this planning gate.	No Lean boundary touched; later route phases must audit noncomputable/classical pressure if they import additional mathlib APIs.
7	schur; boundary; operator	1.1.1.1.1	G	infrastructure	Implementation module manifest and semantic placement gate		masters/cnna_roadmap_master.yaml; scripts/generate_tables.py; README.md	CNNA/PillarA/Arithmetic/Notation.lean as source to split, not as target monolith; existing Smoke/Test generator modules as candidates for generator-like work	Closed contract: every scratchpad record must expose proposed_added_modules, proposed_modified_modules, reusable_existing_modules, semantic placement, rejection/fit decision, public/legacy/API role, import direction, expected downstream consumers, phase_type obligations, refactor regression protocol, version impact, concrete-instance traversal, generic test placement, mathlib complication log, and noncomputable boundary audit before Lean edits.	The manifest is planning infrastructure and belongs to the single YAML master plus generated views. It is not a Lean module and must not be implemented as phase-local code. Future code modules are created only when an existing semantic module cannot be safely extended or wrapped.	Phase 1.1.1.1.1 names reusable candidates but defers semantic generator classification to 1.1.1.1.2. Duplicate implementation remains blocked already at manifest level.	Any generator-like phase must consume this manifest, then pass through 1.1.1.1.2 before Lean code. The manifest table must state whether O07/canonical smoke-test generator is reused, extended, or rejected.	Closed rule: phase granularity is not file granularity. A later phase must justify every new module by semantic ownership, API/firewall direction, or unavoidable import split.	new generator/request/output helper names without canonical generator route; IdealThread.carrier/family singleton facts; CutSpec.full carrier facts; RecursiveSchurSource/MobiusTransfer recurrence logic; string-like analogy used as generator	Every proposed public wrapper must state its expected consumers and import direction. BoundaryOperatorProfile must prepare for Phase 4.1 without importing Phase 4. For BR08/CD8 specifically, earlier route modules export data downstream and must not import the bridge.	This gate does not refactor code, but it must require every later refactor manifest to declare wrapper-first/incremental vs atomic mode. Default for 1.1.2 is wrapper-first incremental with local full-build evidence per package.	Every module manifest must state whether it stays on Lean 4.28.0/mathlib baseline, uses no mathlib change, or requires a separate upgrade gate.	This active gate is infrastructure-only: it will not introduce operational Lean code. For every later operational phase, the manifest must include a concrete finite instance path from generated input to intended endpoint. This phase must plan generic finite test traversal, not only special sentinels, for every upcoming computable path.	No new mathlib import in this gate. Later manifests must list expected mathlib imports and whether each is executable, noncomputable-only, classical-only, or mirror-layer-only. Scalar architecture check added: any proposed new module must classify Complex/Real/QuadraticAlgebra dependencies under LEG31. Derived-quadratic update: any proposed QuadraticAlgebra/AdjoinRoot/ExactQuadratic module must state whether it is a schema, D-instantiation, proof/mirror reference, or executable coordinate layer.	No Lean operational code changed. Later phases must document noncomputable leakage risk before implementation.
7	schur; boundary; interface	1.2.1.2	W	derivation	Required exact quadratic scalar schema: discriminant-indexed minimal operational interface	none at decision gate; possible CNNA/PillarA/Foundation/ExactQuadraticComplex.lean only after manifest	pending manifest	Foundation/ExecComplex.lean; Foundation/ExecComplexBridge.lean; Arithmetic/Schur/CharpolyC.lean; Arithmetic/CayleyDickson/ArithmeticCDBridge.lean; mathlib QuadraticAlgebra	pending Phase 1.1.1.1.1	scalar-foundation / bridge governance, not generator semantics	must check existing ExecComplex, ExecComplexBridge, Schur.CharpolyC, ArithmeticCDBridge, and mathlib QuadraticAlgebra before proposing new module	scalar layer must consume canonical generator outputs only; cannot define generator semantics	do not create ExactQuadraticComplex unless existing foundation/bridge modules cannot carry the semantics cleanly	alternate complex scalar, algebraic complex, CD complex, mirror Complex, exact quadratic norm/trace/conjugation	scalar layer consumes generator/arithmetic source data; generator definitions do not consume scalar comparison/mirror data	incremental wrapper mode; full local build green after each migration step	4.28.0 baseline unless version gate explicitly opens upgrade	Schema-level witnesses: symbolic arbitrary D, plus later planned special rows D=-1/-3/-4 only after D-ledger. This phase may include hand-written closed coordinate examples but cannot claim CNNA provenance for D.	Audit QuadraticAlgebra coordinate operations, basis/noncomputable declarations, and version stability. AdjoinRoot quotient construction includes noncomputable instances in docs and must not silently enter operational path.	No analytic sqrt, Real, Complex exponential, elliptic functions, or uninspected quotient field structure in operational code.
7	schur; boundary; matrix	10	W	derivation	Spectral, finite physical, transfermatrix, and Schur-bridge consumers after operational boundary matrices										Use minimal source objects: Path B consumes Phase 4.1 directly; Path A consumes D/order/lattice/modular prerequisites; bridges are explicit and late.	Not applicable unless phase_type is refactor or the phase changes imports/declarations. If refactor applies: wrapper-first, bounded migration package, local full-build evidence before closeout.	Baseline is Lean 4.28.0/mathlib snapshot unless an explicit phase-boundary upgrade gate is opened. New imports must be verified against the chosen baseline; noncomputable/classical pressure must be logged and isolated.	Infrastructure-only or not prepared yet. Before operational code implementation, name a concrete finite instance and the path from input to output.	No phase-specific mathlib complication recorded yet.	No phase-specific noncomputable-boundary audit recorded yet.
7	schur; boundary; matrix	10.4	W	derivation	Transfermatrix formalization from Schur recurrence										Use minimal source objects: Path B consumes Phase 4.1 directly; Path A consumes D/order/lattice/modular prerequisites; bridges are explicit and late.	Not applicable unless phase_type is refactor or the phase changes imports/declarations. If refactor applies: wrapper-first, bounded migration package, local full-build evidence before closeout.	Baseline is Lean 4.28.0/mathlib snapshot unless an explicit phase-boundary upgrade gate is opened. New imports must be verified against the chosen baseline; noncomputable/classical pressure must be logged and isolated.	Infrastructure-only or not prepared yet. Before operational code implementation, name a concrete finite instance and the path from input to output.	No phase-specific mathlib complication recorded yet.	No phase-specific noncomputable-boundary audit recorded yet.
7	schur; boundary; matrix	3.0	W	refactor	Boundary-source route separation: full-cut matrix geometry versus IdealThread scalar collapse				Candidate: CNNA/PillarA/Schur/BoundaryRouteContract.lean if module-manifest gate justifies a new module.						Route direction must be explicit before implementation: thread/full profiles feed Schur/arithmetic audits; analogy/diagnostics never feed generator code.	Not applicable unless phase_type is refactor or the phase changes imports/declarations. If refactor applies: wrapper-first, bounded migration package, local full-build evidence before closeout.	Baseline is Lean 4.28.0/mathlib snapshot unless an explicit phase-boundary upgrade gate is opened. New imports must be verified against the chosen baseline; noncomputable/classical pressure must be logged and isolated.	Infrastructure-only or not prepared yet. Before operational code implementation, name a concrete finite instance and the path from input to output.	No phase-specific mathlib complication recorded yet.	No phase-specific noncomputable-boundary audit recorded yet.
7	dirichlet laplacian; boundary; laplacian	3.1	W	refactor	Dirichlet Laplacian and partition										No special cross-phase consumer contract recorded yet. If a later phase consumes this output, record export shape and import direction before implementation.	Not applicable unless phase_type is refactor or the phase changes imports/declarations. If refactor applies: wrapper-first, bounded migration package, local full-build evidence before closeout.	Baseline is Lean 4.28.0/mathlib snapshot unless an explicit phase-boundary upgrade gate is opened. New imports must be verified against the chosen baseline; noncomputable/classical pressure must be logged and isolated.	Infrastructure-only or not prepared yet. Before operational code implementation, name a concrete finite instance and the path from input to output.	No phase-specific mathlib complication recorded yet.	No phase-specific noncomputable-boundary audit recorded yet.
7	dtn; boundary; operator	3.6	W	refactor	DtN BoundaryOperator										Must export BoundaryOperatorProfile in the shape needed by Phase 4.1 while avoiding any import of Phase 4. This contract is prepared before code wrapping.	Not applicable unless phase_type is refactor or the phase changes imports/declarations. If refactor applies: wrapper-first, bounded migration package, local full-build evidence before closeout.	Baseline is Lean 4.28.0/mathlib snapshot unless an explicit phase-boundary upgrade gate is opened. New imports must be verified against the chosen baseline; noncomputable/classical pressure must be logged and isolated.	Infrastructure-only or not prepared yet. Before operational code implementation, name a concrete finite instance and the path from input to output.	No phase-specific mathlib complication recorded yet.	No phase-specific noncomputable-boundary audit recorded yet.
7	schur; boundary; matrix	4.0.1	W	derivation	General finite computation test matrix before operational arithmetic wrappers				Candidate: CNNA/PillarA/Operational/ThreadRecursionAudit.lean after checking if existing Schur modules can host the audit compactly.						Consumes generator/Phase-3 profiles; does not define them.	The test harness later serves as regression sentinel for wrapper migrations.	Use frozen baseline unless a phase-boundary upgrade gate is opened.	Required: at least one generic finite row family traverses the actual computation path; special sentinels cannot be the only traversal.	to be filled before implementation; include noncomputable risks for matrix/polynomial APIs.	No operational row may require noncomputable data. Mirror comparison columns are isolated.
6	schur; boundary	1.1.1.1.0.12	G	infrastructure	Computable scalar architecture decision: ExecComplex boundary, required exact quadratic layer, and Cayley-Dickson noncircularity lock	none at decision gate; possible CNNA/PillarA/Foundation/ExactQuadraticComplex.lean only after manifest	masters/cnna_roadmap_master.yaml; generated views	Foundation/ExecComplex.lean; Foundation/ExecComplexBridge.lean; Arithmetic/Schur/CharpolyC.lean; Arithmetic/CayleyDickson/ArithmeticCDBridge.lean; mathlib QuadraticAlgebra	pending Phase 1.1.1.1.1	scalar-foundation / bridge governance, not generator semantics	must check existing ExecComplex, ExecComplexBridge, Schur.CharpolyC, ArithmeticCDBridge, and mathlib QuadraticAlgebra before proposing new module	scalar layer must consume canonical generator outputs only; cannot define generator semantics	do not create ExactQuadraticComplex unless existing foundation/bridge modules cannot carry the semantics cleanly	alternate complex scalar, algebraic complex, CD complex, mirror Complex, exact quadratic norm/trace/conjugation	scalar layer consumes generator/arithmetic source data; generator definitions do not consume scalar comparison/mirror data	no code movement in this gate	4.28.0 baseline unless version gate explicitly opens upgrade	required later: QxQ baseline row, Q(i) row, Q(sqrt(-3)) row, and at least one generic D row if O09 is implemented	Record Complex/Real noncomputable boundary, QuadraticAlgebra instance diamond warning, NumberField formal/non-executable dependency, and any required version-gate.	General C/R and algebraic closure remain mirror/formal. Exact quadratic candidate must avoid noncomputable definitions on operational path.
6	schur; boundary	1.1.1.1.0.6	G	infrastructure	Phase 3 to Phase 4 consumer-contract direction lock				No code modules introduced by this gate.	Governance belongs in YAML master and future optional architecture policy modules only if code-level records become useful.	No duplicate implementation authorized; decision reduces future duplication risk.	Generator-like logic must consume the canonical smoke/theory generator path; no parallel implementation.	Do not split code solely for this planning decision; encode as workflow/format decision unless a reusable code-level policy module is later justified.		Closed: Phase 3.6 exports consumer-ready profile; Phase 4.1 consumes; no reverse import and no duplicate generator/Schur implementation.	Not applicable unless phase_type is refactor or the phase changes imports/declarations. If refactor applies: wrapper-first, bounded migration package, local full-build evidence before closeout.	Baseline is Lean 4.28.0/mathlib snapshot unless an explicit phase-boundary upgrade gate is opened. New imports must be verified against the chosen baseline; noncomputable/classical pressure must be logged and isolated.	Infrastructure-only gate: no operational Lean object introduced. Later operational phases must provide concrete finite instance traversal.	No direct mathlib import in this planning gate. Future phases must log complications.	No direct Lean boundary touched; future phases must audit noncomputable/classical pressure.
6	schur; boundary	1.1.1.1.0.7	G	infrastructure	IdealThread/CutSpec.full extremal-route contract and string-analogy boundary lock				No code modules introduced by this gate; future module candidates are S07/S08/BR06/BR07 phases.	Place code-backed route facts in later neutral structural modules; place string-like interpretation only in secondary/documentation side roads.	Reuse existing ToC.Contract, CutSpec.full, ExistingIdealThreadNoGo, FullBoundaryAudit, RecursiveSchurSource and MobiusTransfer; no duplicate route implementation authorized.	Generator-like logic remains on the canonical smoke/theory generator path. IdealThread/string analogy may not instantiate a parallel generator.	Do not split code solely for this planning decision; encode as workflow/format decision unless a reusable code-level policy module is later justified.		Later phases consume route profiles one-way: S07/S08 feed BR06; BR06 feeds Phase 3/4; secondary analogy consumes dossiers only and never feeds A-generation.	Not applicable unless phase_type is refactor or the phase changes imports/declarations. If refactor applies: wrapper-first, bounded migration package, local full-build evidence before closeout.	Baseline is Lean 4.28.0/mathlib snapshot unless an explicit phase-boundary upgrade gate is opened. New imports must be verified against the chosen baseline; noncomputable/classical pressure must be logged and isolated.	Infrastructure-only gate; it requires later S07/S08/BR06/BR07 phases to show concrete finite reference/variation/full-cut instances before operational use.	No new mathlib import in this planning gate.	No Lean boundary touched; later route phases must audit noncomputable/classical pressure if they import additional mathlib APIs.
6	schur; boundary	1.2.1.1	W	derivation	ExecComplex capability and limitation audit	none at decision gate; possible CNNA/PillarA/Foundation/ExactQuadraticComplex.lean only after manifest	pending manifest	Foundation/ExecComplex.lean; Foundation/ExecComplexBridge.lean; Arithmetic/Schur/CharpolyC.lean; Arithmetic/CayleyDickson/ArithmeticCDBridge.lean; mathlib QuadraticAlgebra	pending Phase 1.1.1.1.1	scalar-foundation / bridge governance, not generator semantics	must check existing ExecComplex, ExecComplexBridge, Schur.CharpolyC, ArithmeticCDBridge, and mathlib QuadraticAlgebra before proposing new module	scalar layer must consume canonical generator outputs only; cannot define generator semantics	do not create ExactQuadraticComplex unless existing foundation/bridge modules cannot carry the semantics cleanly	alternate complex scalar, algebraic complex, CD complex, mirror Complex, exact quadratic norm/trace/conjugation	scalar layer consumes generator/arithmetic source data; generator definitions do not consume scalar comparison/mirror data	incremental wrapper mode; full local build green after each migration step	4.28.0 baseline unless version gate explicitly opens upgrade	required later: QxQ baseline row, Q(i) row, Q(sqrt(-3)) row, and at least one generic D row if O09 is implemented	Record Complex/Real noncomputable boundary, QuadraticAlgebra instance diamond warning, NumberField formal/non-executable dependency, and any required version-gate.	General C/R and algebraic closure remain mirror/formal. Exact quadratic candidate must avoid noncomputable definitions on operational path.
6	schur; boundary	1.2.7	W	refactor	Neutralize IdealThread singleton directed-family profile				Candidate: CNNA/PillarA/ToC/IdealThreadProfile.lean only if not better placed as a small section in existing ToC/Contract wrapper.						Route direction must be explicit before implementation: thread/full profiles feed Schur/arithmetic audits; analogy/diagnostics never feed generator code.	Not applicable unless phase_type is refactor or the phase changes imports/declarations. If refactor applies: wrapper-first, bounded migration package, local full-build evidence before closeout.	Baseline is Lean 4.28.0/mathlib snapshot unless an explicit phase-boundary upgrade gate is opened. New imports must be verified against the chosen baseline; noncomputable/classical pressure must be logged and isolated.	Infrastructure-only or not prepared yet. Before operational code implementation, name a concrete finite instance and the path from input to output.	No phase-specific mathlib complication recorded yet.	No phase-specific noncomputable-boundary audit recorded yet.
6	schur; boundary	1.2.8	W	refactor	Neutralize CutSpec.full maximal-carrier/full-approximant profile				Candidate: CNNA/PillarA/Finite/FullCutProfile.lean or a compact extension near CutSpec wrapper after module-manifest gate.						Route direction must be explicit before implementation: thread/full profiles feed Schur/arithmetic audits; analogy/diagnostics never feed generator code.	Not applicable unless phase_type is refactor or the phase changes imports/declarations. If refactor applies: wrapper-first, bounded migration package, local full-build evidence before closeout.	Baseline is Lean 4.28.0/mathlib snapshot unless an explicit phase-boundary upgrade gate is opened. New imports must be verified against the chosen baseline; noncomputable/classical pressure must be logged and isolated.	Infrastructure-only or not prepared yet. Before operational code implementation, name a concrete finite instance and the path from input to output.	No phase-specific mathlib complication recorded yet.	No phase-specific noncomputable-boundary audit recorded yet.
6	schur; boundary	10.4.2	W	derivation	Arithmetic-CD compatibility as Schur-duality corollary										Consumes BR08/BR09 and route norm objects; produces CD8 only for downstream unification, not for earlier route construction.	Not applicable unless phase_type is refactor or the phase changes imports/declarations. If refactor applies: wrapper-first, bounded migration package, local full-build evidence before closeout.	Baseline is Lean 4.28.0/mathlib snapshot unless an explicit phase-boundary upgrade gate is opened. New imports must be verified against the chosen baseline; noncomputable/classical pressure must be logged and isolated.	Required when active: at least one finite Schur-derived arithmetic example with matching CD-side norm data.	No phase-specific mathlib complication recorded yet.	No phase-specific noncomputable-boundary audit recorded yet.
6	schur; boundary	10.4.3	W	comparison	Cayley-Dickson scalar-surface noncircularity and possible C-layer bridge	none at decision gate; possible CNNA/PillarA/Foundation/ExactQuadraticComplex.lean only after manifest	pending manifest	Foundation/ExecComplex.lean; Foundation/ExecComplexBridge.lean; Arithmetic/Schur/CharpolyC.lean; Arithmetic/CayleyDickson/ArithmeticCDBridge.lean; mathlib QuadraticAlgebra	pending Phase 1.1.1.1.1	scalar-foundation / bridge governance, not generator semantics	must check existing ExecComplex, ExecComplexBridge, Schur.CharpolyC, ArithmeticCDBridge, and mathlib QuadraticAlgebra before proposing new module	scalar layer must consume canonical generator outputs only; cannot define generator semantics	do not create ExactQuadraticComplex unless existing foundation/bridge modules cannot carry the semantics cleanly	alternate complex scalar, algebraic complex, CD complex, mirror Complex, exact quadratic norm/trace/conjugation	scalar layer consumes generator/arithmetic source data; generator definitions do not consume scalar comparison/mirror data	incremental wrapper mode; full local build green after each migration step	4.28.0 baseline unless version gate explicitly opens upgrade	required later: QxQ baseline row, Q(i) row, Q(sqrt(-3)) row, and at least one generic D row if O09 is implemented	Record Complex/Real noncomputable boundary, QuadraticAlgebra instance diamond warning, NumberField formal/non-executable dependency, and any required version-gate.	General C/R and algebraic closure remain mirror/formal. Exact quadratic candidate must avoid noncomputable definitions on operational path.
6	schur; boundary	19.5	W	documentation	Thread/full-boundary derivation-geometry and string-analogy diagnostic side-road				No core Lean module planned; generated documentation/diagnostic reports only unless later theorem requires one.						Route direction must be explicit before implementation: thread/full profiles feed Schur/arithmetic audits; analogy/diagnostics never feed generator code.	Not applicable unless phase_type is refactor or the phase changes imports/declarations. If refactor applies: wrapper-first, bounded migration package, local full-build evidence before closeout.	Baseline is Lean 4.28.0/mathlib snapshot unless an explicit phase-boundary upgrade gate is opened. New imports must be verified against the chosen baseline; noncomputable/classical pressure must be logged and isolated.	Infrastructure-only or not prepared yet. Before operational code implementation, name a concrete finite instance and the path from input to output.	No phase-specific mathlib complication recorded yet.	No phase-specific noncomputable-boundary audit recorded yet.
6	schur; boundary	4.0	W	derivation	Thread-recursion arithmetic-shadow audit before operational arithmetic wrappers				Candidate: CNNA/PillarA/Operational/ThreadRecursionAudit.lean after checking if existing Schur modules can host the audit compactly.						Route direction must be explicit before implementation: thread/full profiles feed Schur/arithmetic audits; analogy/diagnostics never feed generator code.	Not applicable unless phase_type is refactor or the phase changes imports/declarations. If refactor applies: wrapper-first, bounded migration package, local full-build evidence before closeout.	Baseline is Lean 4.28.0/mathlib snapshot unless an explicit phase-boundary upgrade gate is opened. New imports must be verified against the chosen baseline; noncomputable/classical pressure must be logged and isolated.	Infrastructure-only or not prepared yet. Before operational code implementation, name a concrete finite instance and the path from input to output.	No phase-specific mathlib complication recorded yet.	No phase-specific noncomputable-boundary audit recorded yet.
6	schur; boundary	4.0.3	W	derivation	Scalar-layer computation test rows: ExecComplex vs exact quadratic extension boundary	none at decision gate; possible CNNA/PillarA/Foundation/ExactQuadraticComplex.lean only after manifest	pending manifest	Foundation/ExecComplex.lean; Foundation/ExecComplexBridge.lean; Arithmetic/Schur/CharpolyC.lean; Arithmetic/CayleyDickson/ArithmeticCDBridge.lean; mathlib QuadraticAlgebra	pending Phase 1.1.1.1.1	scalar-foundation / bridge governance, not generator semantics	must check existing ExecComplex, ExecComplexBridge, Schur.CharpolyC, ArithmeticCDBridge, and mathlib QuadraticAlgebra before proposing new module	scalar layer must consume canonical generator outputs only; cannot define generator semantics	do not create ExactQuadraticComplex unless existing foundation/bridge modules cannot carry the semantics cleanly	alternate complex scalar, algebraic complex, CD complex, mirror Complex, exact quadratic norm/trace/conjugation	scalar layer consumes generator/arithmetic source data; generator definitions do not consume scalar comparison/mirror data	incremental wrapper mode; full local build green after each migration step	4.28.0 baseline unless version gate explicitly opens upgrade	required later: QxQ baseline row, Q(i) row, Q(sqrt(-3)) row, and at least one generic D row if O09 is implemented	Record Complex/Real noncomputable boundary, QuadraticAlgebra instance diamond warning, NumberField formal/non-executable dependency, and any required version-gate.	General C/R and algebraic closure remain mirror/formal. Exact quadratic candidate must avoid noncomputable definitions on operational path. Exact quadratic use must avoid analytic sqrt/Complex and cite D-source ledger.
