Object ID	Object	Phase	Object status	Proof documentation status	Proof dossier	Consumption class	Classification evidence	Public promotion gate
G00	Generator provenance	1.2.2	G	no	proof:G00	core-computational	registered object is not green-final and not blue/quarantined; keep internal until its own phase closes	blue objects are blocked; all public exports additionally require proof dossier and public API contract
H00	A input handoff B->A	2.3.1	Y	no	proof:H00	core-computational	registered object is not green-final and not blue/quarantined; keep internal until its own phase closes	blue objects are blocked; all public exports additionally require proof dossier and public API contract
H01	A input handoff C->A	2.3.1	Y	no	proof:H01	core-computational	registered object is not green-final and not blue/quarantined; keep internal until its own phase closes	blue objects are blocked; all public exports additionally require proof dossier and public API contract
H02	A input handoff D->A	2.3.1	Y	no	proof:H02	core-computational	registered object is not green-final and not blue/quarantined; keep internal until its own phase closes	blue objects are blocked; all public exports additionally require proof dossier and public API contract
H03	A input handoff E->A	2.3.1	Y	no	proof:H03	core-computational	registered object is not green-final and not blue/quarantined; keep internal until its own phase closes	blue objects are blocked; all public exports additionally require proof dossier and public API contract
O00	ExecComplex	1.2.1	W	partial	proof:O00	core-computational	registered object is not green-final and not blue/quarantined; keep internal until its own phase closes	blue objects are blocked; all public exports additionally require proof dossier and public API contract
G01	substrate: regular branching	1.2.3	Y	no	proof:G01	core-computational	registered object is not green-final and not blue/quarantined; keep internal until its own phase closes	blue objects are blocked; all public exports additionally require proof dossier and public API contract
G02	substrate: variable branching	1.2.4	Y	no	proof:G02	core-computational	registered object is not green-final and not blue/quarantined; keep internal until its own phase closes	blue objects are blocked; all public exports additionally require proof dossier and public API contract
G03	Level / Cutoff	1.2.5	Y	no	proof:G03	core-computational	registered object is not green-final and not blue/quarantined; keep internal until its own phase closes	blue objects are blocked; all public exports additionally require proof dossier and public API contract
G04	Carrier / index type	1.2.6	Y	no	proof:G04	core-computational	registered object is not green-final and not blue/quarantined; keep internal until its own phase closes	blue objects are blocked; all public exports additionally require proof dossier and public API contract
G05	Boundary / interface / interior partition	1.3.1	Y	no	proof:G05	core-computational	registered object is not green-final and not blue/quarantined; keep internal until its own phase closes	blue objects are blocked; all public exports additionally require proof dossier and public API contract
G06	Regime: noOuterEnvironment	1.3.2	Y	no	proof:G06	core-computational	registered object is not green-final and not blue/quarantined; keep internal until its own phase closes	blue objects are blocked; all public exports additionally require proof dossier and public API contract
G07	Regime: hasOuterEnvironment	1.3.2	Y	no	proof:G07	core-computational	registered object is not green-final and not blue/quarantined; keep internal until its own phase closes	blue objects are blocked; all public exports additionally require proof dossier and public API contract
G08	Complement families: UV tail	1.3.3	R	no	proof:G08	dead-candidate	object register status R; blocked/quarantined until a later ledger changes it	blue objects are blocked; all public exports additionally require proof dossier and public API contract
G09	Complement families: IR/parent-path tail	1.3.3	R	no	proof:G09	dead-candidate	object register status R; blocked/quarantined until a later ledger changes it	blue objects are blocked; all public exports additionally require proof dossier and public API contract
G10	Complement families: sideways environment	1.3.3	R	no	proof:G10	dead-candidate	object register status R; blocked/quarantined until a later ledger changes it	blue objects are blocked; all public exports additionally require proof dossier and public API contract
CD0	Cayley-Dickson source	1.4.1	B	no	proof:CD0	blue-semantic-correction	object register status B; semantic/API correction required before any public-final use	blue objects are blocked; all public exports additionally require proof dossier and public API contract
CD1	Scalar part	1.4.2	B	no	proof:CD1	blue-semantic-correction	object register status B; semantic/API correction required before any public-final use	blue objects are blocked; all public exports additionally require proof dossier and public API contract
CD2	Cayley-Dickson star/conjugation	1.4.3	B	no	proof:CD2	blue-semantic-correction	object register status B; semantic/API correction required before any public-final use	blue objects are blocked; all public exports additionally require proof dossier and public API contract
CD3	CD normSq	1.4.4	B	no	proof:CD3	blue-semantic-correction	object register status B; semantic/API correction required before any public-final use	blue objects are blocked; all public exports additionally require proof dossier and public API contract
CD4	CD multiplication/product	1.4.5	B	no	proof:CD4	blue-semantic-correction	object register status B; semantic/API correction required before any public-final use	blue objects are blocked; all public exports additionally require proof dossier and public API contract
CD5	Alternative law	1.4.6	B	no	proof:CD5	blue-semantic-correction	object register status B; semantic/API correction required before any public-final use	blue objects are blocked; all public exports additionally require proof dossier and public API contract
CD6	Norm multiplicativity	1.4.7	B	no	proof:CD6	blue-semantic-correction	object register status B; semantic/API correction required before any public-final use	blue objects are blocked; all public exports additionally require proof dossier and public API contract
CD7	Hurwitz stop / R,C,H,O classification	1.4.8	B	no	proof:CD7	blue-semantic-correction	object register status B; semantic/API correction required before any public-final use	blue objects are blocked; all public exports additionally require proof dossier and public API contract
S00	Dirichlet-Laplacian	3.1	Y	no	proof:S00	core-computational	registered object is not green-final and not blue/quarantined; keep internal until its own phase closes	blue objects are blocked; all public exports additionally require proof dossier and public API contract
S01	Interior block	3.2	B	no	proof:S01	blue-semantic-correction	object register status B; semantic/API correction required before any public-final use	blue objects are blocked; all public exports additionally require proof dossier and public API contract
S02	Interior inverse candidate	3.3	B	no	proof:S02	blue-semantic-correction	object register status B; semantic/API correction required before any public-final use	blue objects are blocked; all public exports additionally require proof dossier and public API contract
S03	Two-sided inverse certificate	3.4	B	no	proof:S03	blue-semantic-correction	object register status B; semantic/API correction required before any public-final use	blue objects are blocked; all public exports additionally require proof dossier and public API contract
S04	InteriorEliminationData	3.5	B	no	proof:S04	blue-semantic-correction	object register status B; semantic/API correction required before any public-final use	blue objects are blocked; all public exports additionally require proof dossier and public API contract
S05	DtN boundary operator	3.6	B	no	proof:S05	blue-semantic-correction	object register status B; semantic/API correction required before any public-final use	blue objects are blocked; all public exports additionally require proof dossier and public API contract
S06	GeneralizedDtN / MultiSchur	3.7	B	no	proof:S06	blue-semantic-correction	object register status B; semantic/API correction required before any public-final use	blue objects are blocked; all public exports additionally require proof dossier and public API contract
O01	Boundary matrix over ExecComplex	4.1	B	no	proof:O01	blue-semantic-correction	object register status B; semantic/API correction required before any public-final use	blue objects are blocked; all public exports additionally require proof dossier and public API contract
O02	Determinant coefficient recurrence	4.2	B	no	proof:O02	blue-semantic-correction	object register status B; semantic/API correction required before any public-final use	blue objects are blocked; all public exports additionally require proof dossier and public API contract
O03	Operational polynomial profile	4.3	B	no	proof:O03	blue-semantic-correction	object register status B; semantic/API correction required before any public-final use	blue objects are blocked; all public exports additionally require proof dossier and public API contract
O04	Quadratic coefficient window	4.4	B	no	proof:O04	blue-semantic-correction	object register status B; semantic/API correction required before any public-final use	blue objects are blocked; all public exports additionally require proof dossier and public API contract
O05	Operational discriminant D_op	4.5	B	no	proof:O05	blue-semantic-correction	object register status B; semantic/API correction required before any public-final use	blue objects are blocked; all public exports additionally require proof dossier and public API contract
O06	Comparison target policy	4.6	G	no	proof:O06	core-computational	registered object is not green-final and not blue/quarantined; keep internal until its own phase closes	blue objects are blocked; all public exports additionally require proof dossier and public API contract
O07	General finite computation test matrix profile	4.0.1	Y	planned dossier; must be filled before implementation	proof:O07	core-computational	registered object is not green-final and not blue/quarantined; keep internal until its own phase closes	blue objects are blocked; all public exports additionally require proof dossier and public API contract
N00	Fundamental discriminant D_fund	5.1	G	no	proof:N00	core-computational	registered object is not green-final and not blue/quarantined; keep internal until its own phase closes	blue objects are blocked; all public exports additionally require proof dossier and public API contract
N01	Conductor f	5.1	G	no	proof:N01	core-computational	registered object is not green-final and not blue/quarantined; keep internal until its own phase closes	blue objects are blocked; all public exports additionally require proof dossier and public API contract
N02	Quadratic field K=Q(sqrt(D))	5.2	Y	no	proof:N02	core-computational	registered object is not green-final and not blue/quarantined; keep internal until its own phase closes	blue objects are blocked; all public exports additionally require proof dossier and public API contract
N03	Quadratic order O_D	5.3	Y	no	proof:N03	core-computational	registered object is not green-final and not blue/quarantined; keep internal until its own phase closes	blue objects are blocked; all public exports additionally require proof dossier and public API contract
N04	Integral basis / omega_D	5.4	Y	no	proof:N04	core-computational	registered object is not green-final and not blue/quarantined; keep internal until its own phase closes	blue objects are blocked; all public exports additionally require proof dossier and public API contract
N05	Trace form	5.5	Y	no	proof:N05	core-computational	registered object is not green-final and not blue/quarantined; keep internal until its own phase closes	blue objects are blocked; all public exports additionally require proof dossier and public API contract
N06	Norm form	5.5	Y	no	proof:N06	core-computational	registered object is not green-final and not blue/quarantined; keep internal until its own phase closes	blue objects are blocked; all public exports additionally require proof dossier and public API contract
N07	Conjugation	5.5	Y	no	proof:N07	core-computational	registered object is not green-final and not blue/quarantined; keep internal until its own phase closes	blue objects are blocked; all public exports additionally require proof dossier and public API contract
N08	Unit group O_D^*	6.1	Y	no	proof:N08	core-computational	registered object is not green-final and not blue/quarantined; keep internal until its own phase closes	blue objects are blocked; all public exports additionally require proof dossier and public API contract
N09	Class group Cl(O_D)	6.2	Y	no	proof:N09	core-computational	registered object is not green-final and not blue/quarantined; keep internal until its own phase closes	blue objects are blocked; all public exports additionally require proof dossier and public API contract
N10	Class number h(D)	6.2	Y	no	proof:N10	core-computational	registered object is not green-final and not blue/quarantined; keep internal until its own phase closes	blue objects are blocked; all public exports additionally require proof dossier and public API contract
N11	Fractional/integral ideas	6.2.1	Y	no	proof:N11	core-computational	registered object is not green-final and not blue/quarantined; keep internal until its own phase closes	blue objects are blocked; all public exports additionally require proof dossier and public API contract
N12	Principal ideal predicate	6.2.2	Y	no	proof:N12	core-computational	registered object is not green-final and not blue/quarantined; keep internal until its own phase closes	blue objects are blocked; all public exports additionally require proof dossier and public API contract
N13	Heegner/PID/UFD indicator	6.3	Y	no	proof:N13	core-computational	registered object is not green-final and not blue/quarantined; keep internal until its own phase closes	blue objects are blocked; all public exports additionally require proof dossier and public API contract
N14	Prime splitting behavior	6.4	Y	no	proof:N14	core-computational	registered object is not green-final and not blue/quarantined; keep internal until its own phase closes	blue objects are blocked; all public exports additionally require proof dossier and public API contract
N15	Kronecker/Dirichlet character chi_D	6.4	Y	no	proof:N15	core-computational	registered object is not green-final and not blue/quarantined; keep internal until its own phase closes	blue objects are blocked; all public exports additionally require proof dossier and public API contract
CD8	Arithmetic-CD compatibility as Schur-duality corollary	10.4.2	K	no - dependency-order corrected in v31	proof:CD8	dead-candidate	object register status K; blocked/quarantined until a later ledger changes it	blue objects are blocked; all public exports additionally require proof dossier and public API contract
L00	Lattice embedding Lambda -> C	7.1	Y	no	proof:L00	core-computational	registered object is not green-final and not blue/quarantined; keep internal until its own phase closes	blue objects are blocked; all public exports additionally require proof dossier and public API contract
L01	Lattice basis	7.1	Y	no	proof:L01	core-computational	registered object is not green-final and not blue/quarantined; keep internal until its own phase closes	blue objects are blocked; all public exports additionally require proof dossier and public API contract
L02	Gram matrix	7.2	Y	no	proof:L02	core-computational	registered object is not green-final and not blue/quarantined; keep internal until its own phase closes	blue objects are blocked; all public exports additionally require proof dossier and public API contract
L03	Lattice determinant / covolume	7.2	Y	no	proof:L03	core-computational	registered object is not green-final and not blue/quarantined; keep internal until its own phase closes	blue objects are blocked; all public exports additionally require proof dossier and public API contract
L04	Period ratio tau	7.3	Y	no	proof:L04	core-computational	registered object is not green-final and not blue/quarantined; keep internal until its own phase closes	blue objects are blocked; all public exports additionally require proof dossier and public API contract
L05	Upper half-plane condition	7.3	Y	no	proof:L05	core-computational	registered object is not green-final and not blue/quarantined; keep internal until its own phase closes	blue objects are blocked; all public exports additionally require proof dossier and public API contract
L06	Angle / cosine profile	7.4	Y	no	proof:L06	core-computational	registered object is not green-final and not blue/quarantined; keep internal until its own phase closes	blue objects are blocked; all public exports additionally require proof dossier and public API contract
L07	Lattice automorphism group	7.5	Y	no	proof:L07	core-computational	registered object is not green-final and not blue/quarantined; keep internal until its own phase closes	blue objects are blocked; all public exports additionally require proof dossier and public API contract
M02	Eisenstein series G4,G6	8.1	Y	no	proof:M02	core-computational	registered object is not green-final and not blue/quarantined; keep internal until its own phase closes	blue objects are blocked; all public exports additionally require proof dossier and public API contract
M03	Weierstrass invariants g2,g3	8.2	Y	no	proof:M03	core-computational	registered object is not green-final and not blue/quarantined; keep internal until its own phase closes	blue objects are blocked; all public exports additionally require proof dossier and public API contract
M04	Modular discriminant Delta_mod	8.3	Y	no	proof:M04	core-computational	registered object is not green-final and not blue/quarantined; keep internal until its own phase closes	blue objects are blocked; all public exports additionally require proof dossier and public API contract
M05	j-invariant	8.4	Y	no	proof:M05	core-computational	registered object is not green-final and not blue/quarantined; keep internal until its own phase closes	blue objects are blocked; all public exports additionally require proof dossier and public API contract
SP0	Eigenvalue profile	10.1	Y	no	proof:SP0	core-computational	registered object is not green-final and not blue/quarantined; keep internal until its own phase closes	blue objects are blocked; all public exports additionally require proof dossier and public API contract
SP1	Spectral gap	10.1	Y	no	proof:SP1	core-computational	registered object is not green-final and not blue/quarantined; keep internal until its own phase closes	blue objects are blocked; all public exports additionally require proof dossier and public API contract
P00	Operator algebra	10.2	Y	no	proof:P00	core-computational	registered object is not green-final and not blue/quarantined; keep internal until its own phase closes	blue objects are blocked; all public exports additionally require proof dossier and public API contract
P01	Star operation	10.2	Y	no	proof:P01	core-computational	registered object is not green-final and not blue/quarantined; keep internal until its own phase closes	blue objects are blocked; all public exports additionally require proof dossier and public API contract
P02	State functional	10.2	Y	no	proof:P02	core-computational	registered object is not green-final and not blue/quarantined; keep internal until its own phase closes	blue objects are blocked; all public exports additionally require proof dossier and public API contract
P03	Gibbs state	10.2	Y	no	proof:P03	core-computational	registered object is not green-final and not blue/quarantined; keep internal until its own phase closes	blue objects are blocked; all public exports additionally require proof dossier and public API contract
P04	Time evolution	10.2	Y	no	proof:P04	core-computational	registered object is not green-final and not blue/quarantined; keep internal until its own phase closes	blue objects are blocked; all public exports additionally require proof dossier and public API contract
P05	Unitarity certificate	10.2	Y	no	proof:P05	core-computational	registered object is not green-final and not blue/quarantined; keep internal until its own phase closes	blue objects are blocked; all public exports additionally require proof dossier and public API contract
P06	Open channel / effective openness	10.2	R	no	proof:P06	dead-candidate	object register status R; blocked/quarantined until a later ledger changes it	blue objects are blocked; all public exports additionally require proof dossier and public API contract
N16	Dirichlet L-function L(s,chi_D)	9.2	K	no	proof:N16	dead-candidate	object register status K; blocked/quarantined until a later ledger changes it	blue objects are blocked; all public exports additionally require proof dossier and public API contract
N17	Class number formula	9.3	K	no	proof:N17	dead-candidate	object register status K; blocked/quarantined until a later ledger changes it	blue objects are blocked; all public exports additionally require proof dossier and public API contract
L08	Theta series Theta_Lambda	9.1	K	no	proof:L08	dead-candidate	object register status K; blocked/quarantined until a later ledger changes it	blue objects are blocked; all public exports additionally require proof dossier and public API contract
M00	Modular group action SL2Z	8.0	K	no	proof:M00	dead-candidate	object register status K; blocked/quarantined until a later ledger changes it	blue objects are blocked; all public exports additionally require proof dossier and public API contract
M01	Fundamental domain representative	8.0	K	no	proof:M01	dead-candidate	object register status K; blocked/quarantined until a later ledger changes it	blue objects are blocked; all public exports additionally require proof dossier and public API contract
M06	q-expansion of j	8.8	K	no	proof:M06	dead-candidate	object register status K; blocked/quarantined until a later ledger changes it	blue objects are blocked; all public exports additionally require proof dossier and public API contract
M07	Hilbert class polynomial H_D	8.8	K	no	proof:M07	dead-candidate	object register status K; blocked/quarantined until a later ledger changes it	blue objects are blocked; all public exports additionally require proof dossier and public API contract
TM0	Transfermatrix T_k	10.4	K	no	proof:TM0	dead-candidate	object register status K; blocked/quarantined until a later ledger changes it	blue objects are blocked; all public exports additionally require proof dossier and public API contract
TM1	Transfermatrix product	10.4	K	no	proof:TM1	dead-candidate	object register status K; blocked/quarantined until a later ledger changes it	blue objects are blocked; all public exports additionally require proof dossier and public API contract
TM2	Moebius/continued fraction relation	10.4	K	no	proof:TM2	dead-candidate	object register status K; blocked/quarantined until a later ledger changes it	blue objects are blocked; all public exports additionally require proof dossier and public API contract
SP2	Heat kernel K(t)	10.3	K	no	proof:SP2	dead-candidate	object register status K; blocked/quarantined until a later ledger changes it	blue objects are blocked; all public exports additionally require proof dossier and public API contract
SP3	Spectral zeta zeta_H	10.3	K	no	proof:SP3	dead-candidate	object register status K; blocked/quarantined until a later ledger changes it	blue objects are blocked; all public exports additionally require proof dossier and public API contract
SP4	Spectral dimension	10.3	K	no	proof:SP4	dead-candidate	object register status K; blocked/quarantined until a later ledger changes it	blue objects are blocked; all public exports additionally require proof dossier and public API contract
SP5	Zeta-regularized determinant	10.3	K	no	proof:SP5	dead-candidate	object register status K; blocked/quarantined until a later ledger changes it	blue objects are blocked; all public exports additionally require proof dossier and public API contract
P07	KMS condition	13.4	K	no	proof:P07	dead-candidate	object register status K; blocked/quarantined until a later ledger changes it	blue objects are blocked; all public exports additionally require proof dossier and public API contract
P08	GNS Hilbert space	13.4	K	no	proof:P08	dead-candidate	object register status K; blocked/quarantined until a later ledger changes it	blue objects are blocked; all public exports additionally require proof dossier and public API contract
P09	Tomita operator S	13.5	K	no	proof:P09	dead-candidate	object register status K; blocked/quarantined until a later ledger changes it	blue objects are blocked; all public exports additionally require proof dossier and public API contract
P10	Modular operator Delta	13.5	K	no	proof:P10	dead-candidate	object register status K; blocked/quarantined until a later ledger changes it	blue objects are blocked; all public exports additionally require proof dossier and public API contract
P11	Modular conjugation J	13.5	K	no	proof:P11	dead-candidate	object register status K; blocked/quarantined until a later ledger changes it	blue objects are blocked; all public exports additionally require proof dossier and public API contract
P12	Bisognano-Wichmann/CPT bridge	13.6	K	no	proof:P12	dead-candidate	object register status K; blocked/quarantined until a later ledger changes it	blue objects are blocked; all public exports additionally require proof dossier and public API contract
P13	Spin-statistics	13.6	K	no	proof:P13	dead-candidate	object register status K; blocked/quarantined until a later ledger changes it	blue objects are blocked; all public exports additionally require proof dossier and public API contract
P14	Kramers degeneracy	13.6	K	no	proof:P14	dead-candidate	object register status K; blocked/quarantined until a later ledger changes it	blue objects are blocked; all public exports additionally require proof dossier and public API contract
P15	Split property	13.6	K	no	proof:P15	dead-candidate	object register status K; blocked/quarantined until a later ledger changes it	blue objects are blocked; all public exports additionally require proof dossier and public API contract
P16	Local net / Haag-Kastler algebraic axioms	13.3	K	no	proof:P16	dead-candidate	object register status K; blocked/quarantined until a later ledger changes it	blue objects are blocked; all public exports additionally require proof dossier and public API contract
H10	A->B bright handoff	11.1	Y	no	proof:H10	core-computational	registered object is not green-final and not blue/quarantined; keep internal until its own phase closes	blue objects are blocked; all public exports additionally require proof dossier and public API contract
H11	A->B prime/dark future handoff	11.2	R	no	proof:H11	dead-candidate	object register status R; blocked/quarantined until a later ledger changes it	blue objects are blocked; all public exports additionally require proof dossier and public API contract
H12	A->C handoff	11.3	Y	no	proof:H12	core-computational	registered object is not green-final and not blue/quarantined; keep internal until its own phase closes	blue objects are blocked; all public exports additionally require proof dossier and public API contract
H13	A->D handoff	11.4	Y	no	proof:H13	core-computational	registered object is not green-final and not blue/quarantined; keep internal until its own phase closes	blue objects are blocked; all public exports additionally require proof dossier and public API contract
H14	A->E handoff	11.5	K	no	proof:H14	dead-candidate	object register status K; blocked/quarantined until a later ledger changes it	blue objects are blocked; all public exports additionally require proof dossier and public API contract
MOON0	j coefficient stream	12.1	K	no	proof:MOON0	dead-candidate	object register status K; blocked/quarantined until a later ledger changes it	blue objects are blocked; all public exports additionally require proof dossier and public API contract
MOON1	Monster dimension comparison profile	12.2	K	no	proof:MOON1	dead-candidate	object register status K; blocked/quarantined until a later ledger changes it	blue objects are blocked; all public exports additionally require proof dossier and public API contract
MOON2	McKay-Thompson comparison profile	12.3	K	no	proof:MOON2	dead-candidate	object register status K; blocked/quarantined until a later ledger changes it	blue objects are blocked; all public exports additionally require proof dossier and public API contract
B00	Pillar B input contract from A	13.1	K	no	proof:B00	dead-candidate	object register status K; blocked/quarantined until a later ledger changes it	blue objects are blocked; all public exports additionally require proof dossier and public API contract
B01	Boundary star-algebra / observable algebra	13.2	K	no	proof:B01	dead-candidate	object register status K; blocked/quarantined until a later ledger changes it	blue objects are blocked; all public exports additionally require proof dossier and public API contract
B02	Local net / QFT algebraic profile	13.3	K	no	proof:B02	dead-candidate	object register status K; blocked/quarantined until a later ledger changes it	blue objects are blocked; all public exports additionally require proof dossier and public API contract
B03	B state/GNS/KMS profile	13.4	K	no	proof:B03	dead-candidate	object register status K; blocked/quarantined until a later ledger changes it	blue objects are blocked; all public exports additionally require proof dossier and public API contract
B04	Tomita-Takesaki modular data	13.5	K	no	proof:B04	dead-candidate	object register status K; blocked/quarantined until a later ledger changes it	blue objects are blocked; all public exports additionally require proof dossier and public API contract
B05	CPT/BW/spin-statistics/split gates	13.6	K	no	proof:B05	dead-candidate	object register status K; blocked/quarantined until a later ledger changes it	blue objects are blocked; all public exports additionally require proof dossier and public API contract
B06	B->A allowed output profile	13.7	K	no	proof:B06	dead-candidate	object register status K; blocked/quarantined until a later ledger changes it	blue objects are blocked; all public exports additionally require proof dossier and public API contract
C00	Pillar C OQS input contract from A	14.1	K	no	proof:C00	dead-candidate	object register status K; blocked/quarantined until a later ledger changes it	blue objects are blocked; all public exports additionally require proof dossier and public API contract
C01	Finite CP/channel profile	14.2	K	no	proof:C01	dead-candidate	object register status K; blocked/quarantined until a later ledger changes it	blue objects are blocked; all public exports additionally require proof dossier and public API contract
C02	Effective OQS generator / Lindblad gate	14.3	K	no	proof:C02	dead-candidate	object register status K; blocked/quarantined until a later ledger changes it	blue objects are blocked; all public exports additionally require proof dossier and public API contract
C03	Decoherence/noise profile	14.4	K	no	proof:C03	dead-candidate	object register status K; blocked/quarantined until a later ledger changes it	blue objects are blocked; all public exports additionally require proof dossier and public API contract
C04	C->A allowed output profile	14.5	K	no	proof:C04	dead-candidate	object register status K; blocked/quarantined until a later ledger changes it	blue objects are blocked; all public exports additionally require proof dossier and public API contract
D00	Pillar D spacetime input contract	15.1	K	no	proof:D00	dead-candidate	object register status K; blocked/quarantined until a later ledger changes it	blue objects are blocked; all public exports additionally require proof dossier and public API contract
D01	Region/localization/causal-order candidate	15.2	K	no	proof:D01	dead-candidate	object register status K; blocked/quarantined until a later ledger changes it	blue objects are blocked; all public exports additionally require proof dossier and public API contract
D02	Metric/coarse-geometry/covariance gate	15.3	K	no	proof:D02	dead-candidate	object register status K; blocked/quarantined until a later ledger changes it	blue objects are blocked; all public exports additionally require proof dossier and public API contract
D03	D->A allowed output profile	15.4	K	no	proof:D03	dead-candidate	object register status K; blocked/quarantined until a later ledger changes it	blue objects are blocked; all public exports additionally require proof dossier and public API contract
E00	Pillar E matter input contract	16.1	K	no	proof:E00	dead-candidate	object register status K; blocked/quarantined until a later ledger changes it	blue objects are blocked; all public exports additionally require proof dossier and public API contract
E01	Matter sector and internal symmetry candidate	16.2	K	no	proof:E01	dead-candidate	object register status K; blocked/quarantined until a later ledger changes it	blue objects are blocked; all public exports additionally require proof dossier and public API contract
E02	Observable coupling and phenomenology comparison	16.3	K	no	proof:E02	dead-candidate	object register status K; blocked/quarantined until a later ledger changes it	blue objects are blocked; all public exports additionally require proof dossier and public API contract
E03	E->A allowed output profile	16.4	K	no	proof:E03	dead-candidate	object register status K; blocked/quarantined until a later ledger changes it	blue objects are blocked; all public exports additionally require proof dossier and public API contract
BR00	Backreaction input DAG	17	K	no	proof:BR00	dead-candidate	object register status K; blocked/quarantined until a later ledger changes it	blue objects are blocked; all public exports additionally require proof dossier and public API contract
BR01	B->A backreaction input gate	17.1	K	no	proof:BR01	dead-candidate	object register status K; blocked/quarantined until a later ledger changes it	blue objects are blocked; all public exports additionally require proof dossier and public API contract
BR02	C->A OQS backreaction input gate	17.2	K	no	proof:BR02	dead-candidate	object register status K; blocked/quarantined until a later ledger changes it	blue objects are blocked; all public exports additionally require proof dossier and public API contract
BR03	D->A spacetime backreaction input gate	17.3	K	no	proof:BR03	dead-candidate	object register status K; blocked/quarantined until a later ledger changes it	blue objects are blocked; all public exports additionally require proof dossier and public API contract
BR04	E->A matter backreaction input gate	17.4	K	no	proof:BR04	dead-candidate	object register status K; blocked/quarantined until a later ledger changes it	blue objects are blocked; all public exports additionally require proof dossier and public API contract
BR05	Pre/post-emergence switch for A statements	17.5	K	no	proof:BR05	dead-candidate	object register status K; blocked/quarantined until a later ledger changes it	blue objects are blocked; all public exports additionally require proof dossier and public API contract
SIDE0	Full ToE comparison profile	18.1	K	no	proof:SIDE0	dead-candidate	object register status K; blocked/quarantined until a later ledger changes it	blue objects are blocked; all public exports additionally require proof dossier and public API contract
SIDE1	String-theory comparison profile	18.2	K	no	proof:SIDE1	dead-candidate	object register status K; blocked/quarantined until a later ledger changes it	blue objects are blocked; all public exports additionally require proof dossier and public API contract
SIDE2	Loop quantum gravity comparison profile	18.3	K	no	proof:SIDE2	dead-candidate	object register status K; blocked/quarantined until a later ledger changes it	blue objects are blocked; all public exports additionally require proof dossier and public API contract
SIDE3	Noncommutative geometry comparison profile	18.4	K	no	proof:SIDE3	dead-candidate	object register status K; blocked/quarantined until a later ledger changes it	blue objects are blocked; all public exports additionally require proof dossier and public API contract
MOON3	Finite simple group comparison profile	12.4	K	no	proof:MOON3	dead-candidate	object register status K; blocked/quarantined until a later ledger changes it	blue objects are blocked; all public exports additionally require proof dossier and public API contract
MOON4	Sporadic/Monster comparison boundary	12.4	K	no	proof:MOON4	dead-candidate	object register status K; blocked/quarantined until a later ledger changes it	blue objects are blocked; all public exports additionally require proof dossier and public API contract
MOON5	Leech lattice comparison profile	12.5	K	no	proof:MOON5	dead-candidate	object register status K; blocked/quarantined until a later ledger changes it	blue objects are blocked; all public exports additionally require proof dossier and public API contract
MOON6	Leech theta/shell coefficient comparison	12.6	K	no	proof:MOON6	dead-candidate	object register status K; blocked/quarantined until a later ledger changes it	blue objects are blocked; all public exports additionally require proof dossier and public API contract
MOON7	VOA/moonshine-module comparison profile	12.7	K	no	proof:MOON7	dead-candidate	object register status K; blocked/quarantined until a later ledger changes it	blue objects are blocked; all public exports additionally require proof dossier and public API contract
MOON8	Common-indicator / Hauptmodul bridge-test profile	12.8	K	no	proof:MOON8	dead-candidate	object register status K; blocked/quarantined until a later ledger changes it	blue objects are blocked; all public exports additionally require proof dossier and public API contract
LEG0	Consumption and split inventory umbrella	1.1.1	Y	no	proof:LEG0	legacy-policy	object layer is planning/governance/legacy control surface	blue objects are blocked; all public exports additionally require proof dossier and public API contract
LEG1	Legacy single-constructor status gates	1.1.2	Y	no	proof:LEG1	legacy-policy	object layer is planning/governance/legacy control surface	blue objects are blocked; all public exports additionally require proof dossier and public API contract
LEG2	CoreSymbols true notation surface	1.1.3	Y	no	proof:LEG2	core-computational	registered object is not green-final and not blue/quarantined; keep internal until its own phase closes	blue objects are blocked; all public exports additionally require proof dossier and public API contract
LEG3	Legacy phase aliases compatibility surface	1.1.4	Y	no	proof:LEG3	legacy-policy	object layer is planning/governance/legacy control surface	blue objects are blocked; all public exports additionally require proof dossier and public API contract
LEG4	Neutral import firewall for post-notation phases	1.1.5	Y	no	proof:LEG4	legacy-policy	object layer is planning/governance/legacy control surface	blue objects are blocked; all public exports additionally require proof dossier and public API contract
LEG5	Declaration consumption classification map	1.1.1.1.4	G	documented-in-v43	proof:LEG5	legacy-policy	object layer is planning/governance/legacy control surface	blue objects are blocked; all public exports additionally require proof dossier and public API contract
LEG7	Blue-object semantic correction ledger	1.1.1.2	Y	no	proof:LEG7	legacy-policy	object layer is planning/governance/legacy control surface	blue objects are blocked; all public exports additionally require proof dossier and public API contract
LEG6	Public API contract and consumer whitelist	1.1.1.3	Y	no	proof:LEG6	legacy-policy	object layer is planning/governance/legacy control surface	blue objects are blocked; all public exports additionally require proof dossier and public API contract
LEG8	Pruning and dead-candidate ledger	1.1.1.4	Y	no	proof:LEG8	legacy-policy	object layer is planning/governance/legacy control surface	blue objects are blocked; all public exports additionally require proof dossier and public API contract
LEG9	Generated-view authority and implementation-lock contract	1.1.1.5	Y	no	proof:LEG9	legacy-policy	object layer is planning/governance/legacy control surface	blue objects are blocked; all public exports additionally require proof dossier and public API contract
LEG10	Implementation module manifest and semantic placement contract	1.1.1.1.1	G	documented-in-v40	proof:LEG10	legacy-policy	object layer is planning/governance/legacy control surface	blue objects are blocked; all public exports additionally require proof dossier and public API contract
LEG11	Reuse/duplication ledger and canonical generator policy	1.1.1.1.2	G	documented-in-v41	proof:LEG11	legacy-policy	object layer is planning/governance/legacy control surface	blue objects are blocked; all public exports additionally require proof dossier and public API contract
LEG12	Object and size proof-documentation infrastructure	1.1.1.1.3	G	documented-in-v42	proof:LEG12	legacy-policy	object layer is planning/governance/legacy control surface	blue objects are blocked; all public exports additionally require proof dossier and public API contract
LEG13	Global no-go guardrail contract	1.1.1.1.0	G	yes	proof:LEG13	legacy-policy	object layer is planning/governance/legacy control surface	blue objects are blocked; all public exports additionally require proof dossier and public API contract
LEG14	Concrete computable instance traversal contract	1.1.1.1.0.1	G	yes-infrastructure	proof:LEG14	final-output	green object with documented dossier; still subject to public API contract if exported	blue objects are blocked; all public exports additionally require proof dossier and public API contract
LEG15	Mathlib complication and noncomputable-boundary log	1.1.1.1.0.1	G	yes-infrastructure	proof:LEG15	final-output	green object with documented dossier; still subject to public API contract if exported	blue objects are blocked; all public exports additionally require proof dossier and public API contract
LEG16	Semi-automated existing-code documentation coverage	19.1	K	no	proof:LEG16	dead-candidate	object register status K; blocked/quarantined until a later ledger changes it	blue objects are blocked; all public exports additionally require proof dossier and public API contract
LEG17	Derivation-graph geometry diagnostics	19.2	K	no	proof:LEG17	dead-candidate	object register status K; blocked/quarantined until a later ledger changes it	blue objects are blocked; all public exports additionally require proof dossier and public API contract
LEG18	Open-system emergence-path forensics	19.3	K	no	proof:LEG18	dead-candidate	object register status K; blocked/quarantined until a later ledger changes it	blue objects are blocked; all public exports additionally require proof dossier and public API contract
LEG19	Reflective CNNA/formalization graph comparison boundary	19.4	K	no	proof:LEG19	dead-candidate	object register status K; blocked/quarantined until a later ledger changes it	blue objects are blocked; all public exports additionally require proof dossier and public API contract
LEG20	EXEC-2 rational ExecComplex boundary policy	1.1.1.1.0.2	G	yes	proof:LEG20	legacy-policy	object layer is planning/governance/legacy control surface	blue objects are blocked; all public exports additionally require proof dossier and public API contract
LEG21	Refactor regression and incremental migration protocol	1.1.1.1.0.3	G	yes	proof:LEG21	legacy-policy	object layer is planning/governance/legacy control surface	blue objects are blocked; all public exports additionally require proof dossier and public API contract
LEG22	Lean/mathlib version migration policy	1.1.1.1.0.4	G	yes	proof:LEG22	legacy-policy	object layer is planning/governance/legacy control surface	blue objects are blocked; all public exports additionally require proof dossier and public API contract
LEG23	Phase-type-specific scratchpad schema and governance retrospective	1.1.1.1.0.5	G	yes	proof:LEG23	legacy-policy	object layer is planning/governance/legacy control surface	blue objects are blocked; all public exports additionally require proof dossier and public API contract
LEG24	Phase 3 to Phase 4 consumer-contract direction	1.1.1.1.0.6	G	yes	proof:LEG24	legacy-policy	object layer is planning/governance/legacy control surface	blue objects are blocked; all public exports additionally require proof dossier and public API contract
LEG25	IdealThread/CutSpec.full extremal-route contract	1.1.1.1.0.7	W	yes	proof:LEG25	legacy-policy	object layer is planning/governance/legacy control surface	blue objects are blocked; all public exports additionally require proof dossier and public API contract
S07	IdealThread singleton directed-family profile	1.2.7	G	no	proof:S07	core-computational	registered object is not green-final and not blue/quarantined; keep internal until its own phase closes	blue objects are blocked; all public exports additionally require proof dossier and public API contract
S08	CutSpec.full maximal-carrier profile	1.2.8	G	no	proof:S08	core-computational	registered object is not green-final and not blue/quarantined; keep internal until its own phase closes	blue objects are blocked; all public exports additionally require proof dossier and public API contract
BR06	Boundary-route extrema contract	3.0	G	no	proof:BR06	legacy-policy	object layer is planning/governance/legacy control surface	blue objects are blocked; all public exports additionally require proof dossier and public API contract
BR07	Thread-recursion arithmetic-shadow audit profile	4.0	Y	no	proof:BR07	core-computational	registered object is not green-final and not blue/quarantined; keep internal until its own phase closes	blue objects are blocked; all public exports additionally require proof dossier and public API contract
BR09	Subsystem-induced invariant bifurcation profile	10.4.1	K	no	proof:BR09	dead-candidate	object register status K; blocked/quarantined until a later ledger changes it	blue objects are blocked; all public exports additionally require proof dossier and public API contract
BR08	Horizontal/vertical Schur-duality bridge	10.4.1	K	no	proof:BR08	dead-candidate	object register status K; blocked/quarantined until a later ledger changes it	blue objects are blocked; all public exports additionally require proof dossier and public API contract
LEG26	Reflective thread/full-boundary analogy diagnostic boundary	19.5	K	no	proof:LEG26	dead-candidate	object register status K; blocked/quarantined until a later ledger changes it	blue objects are blocked; all public exports additionally require proof dossier and public API contract
LEG27	Horizontal/vertical Schur-duality dependency-order lock	1.1.1.1.0.8	G	yes	proof:LEG27	legacy-policy	object layer is planning/governance/legacy control surface	blue objects are blocked; all public exports additionally require proof dossier and public API contract
LEG28	Heuristic Eisenstein/Gauss lattice test-matrix boundary contract	1.1.1.1.0.9	G	yes	proof:LEG28	legacy-policy	object layer is planning/governance/legacy control surface	blue objects are blocked; all public exports additionally require proof dossier and public API contract
LEG29	General early finite computation test-matrix contract	1.1.1.1.0.10	G	documented as planning invariant	proof:LEG29	legacy-policy	object layer is planning/governance/legacy control surface	blue objects are blocked; all public exports additionally require proof dossier and public API contract
L09	Static branching Eisenstein/Gauss lattice test matrix	8.5	Y	no	proof:L09	core-computational	registered object is not green-final and not blue/quarantined; keep internal until its own phase closes	blue objects are blocked; all public exports additionally require proof dossier and public API contract
L10	Dynamic branching and L_max lattice test sweep	8.6	Y	no	proof:L10	core-computational	registered object is not green-final and not blue/quarantined; keep internal until its own phase closes	blue objects are blocked; all public exports additionally require proof dossier and public API contract
M08	Eisenstein/Gauss CM and j special-value test targets	8.5	Y	no	proof:M08	core-computational	registered object is not green-final and not blue/quarantined; keep internal until its own phase closes	blue objects are blocked; all public exports additionally require proof dossier and public API contract
BR10	Hierarchical versus spiral embedding collision and closure audit	8.6	Y	no	proof:BR10	core-computational	registered object is not green-final and not blue/quarantined; keep internal until its own phase closes	blue objects are blocked; all public exports additionally require proof dossier and public API contract
LEG30	Regime-typed early test-matrix contract	1.1.1.1.0.11	G	documented as planning invariant	proof:LEG30	legacy-policy	object layer is planning/governance/legacy control surface	blue objects are blocked; all public exports additionally require proof dossier and public API contract
O08	Regime-typed finite computation test matrix profile	4.0.2	Y	planned dossier; must be filled before implementation	proof:O08	core-computational	registered object is not green-final and not blue/quarantined; keep internal until its own phase closes	blue objects are blocked; all public exports additionally require proof dossier and public API contract
N18	Heegner regime-projection classification profile	7.2.1	Y	no	proof:N18	core-computational	registered object is not green-final and not blue/quarantined; keep internal until its own phase closes	blue objects are blocked; all public exports additionally require proof dossier and public API contract
BR11	IDEAL_infty projection and complement-family Heegner boundary	7.2.1	Y	no	proof:BR11	core-computational	registered object is not green-final and not blue/quarantined; keep internal until its own phase closes	blue objects are blocked; all public exports additionally require proof dossier and public API contract
BR12	noOuter REAL-root Eisenstein/Gauss sentinel hypothesis	4.0.2	Y	no	proof:BR12	core-computational	registered object is not green-final and not blue/quarantined; keep internal until its own phase closes	blue objects are blocked; all public exports additionally require proof dossier and public API contract
LEG31	Computable scalar architecture contract	1.1.1.1.0.12	G	yes	proof:LEG31	legacy-policy	object layer is planning/governance/legacy control surface	blue objects are blocked; all public exports additionally require proof dossier and public API contract
LEG32	Derived-only exact quadratic provenance contract	1.1.1.1.0.13	G	yes	proof:LEG32	legacy-policy	object layer is planning/governance/legacy control surface	blue objects are blocked; all public exports additionally require proof dossier and public API contract
LEG33	Phase 5-10 bifurcation and dependency repair contract	1.1.1.1.0.14	G	yes	proof:LEG33	legacy-policy	object layer is planning/governance/legacy control surface	blue objects are blocked; all public exports additionally require proof dossier and public API contract
O09	Required exact quadratic operational scalar schema	1.2.1.2	Y	no	proof:O09	core-computational	registered object is not green-final and not blue/quarantined; keep internal until its own phase closes	blue objects are blocked; all public exports additionally require proof dossier and public API contract
O10	Proof-carrying discriminant-indexed quadratic scalar instance	4.5.1	Y	no	proof:O10	core-computational	registered object is not green-final and not blue/quarantined; keep internal until its own phase closes	blue objects are blocked; all public exports additionally require proof dossier and public API contract
BR13	ExecComplex to exact-quadratic projection bridge	4.0.3	Y	no	proof:BR13	core-computational	registered object is not green-final and not blue/quarantined; keep internal until its own phase closes	blue objects are blocked; all public exports additionally require proof dossier and public API contract
BR14	Discriminant-source to exact-quadratic algebra instantiation bridge	4.5.1	Y	no	proof:BR14	core-computational	registered object is not green-final and not blue/quarantined; keep internal until its own phase closes	blue objects are blocked; all public exports additionally require proof dossier and public API contract
CD9	Cayley-Dickson C-layer noncircularity audit	10.4.3	K	no	proof:CD9	dead-candidate	object register status K; blocked/quarantined until a later ledger changes it	blue objects are blocked; all public exports additionally require proof dossier and public API contract
LEG34	Phase-object-link policy contract	1.1.1.1.0.15	G	documented-in-v38	proof:LEG34	legacy-policy	object layer is planning/governance/legacy control surface	blue objects are blocked; all public exports additionally require proof dossier and public API contract
LEG35	Ontic subsystem-minimality contract	1.1.1.1.0.16	G	documented-in-v39	proof:LEG35	legacy-policy	object layer is planning/governance/legacy control surface	blue objects are blocked; all public exports additionally require proof dossier and public API contract
DBR0	Database-ready CNNA review and documentation structure	20	G	yes	proof:DBR0	final-output	green object with documented dossier; still subject to public API contract if exported	blue objects are blocked; all public exports additionally require proof dossier and public API contract
DBR1	Expert-review and no-infallibility epistemic rule	20.1	G	yes	proof:DBR1	legacy-policy	object layer is planning/governance/legacy control surface	blue objects are blocked; all public exports additionally require proof dossier and public API contract
DBR2	Database-ready YAML schema and round-trip target	20.2	K	no	proof:DBR2	dead-candidate	object register status K; blocked/quarantined until a later ledger changes it	blue objects are blocked; all public exports additionally require proof dossier and public API contract
DBR3	Discipline-separated expert-review matrix	20.3	K	no	proof:DBR3	dead-candidate	object register status K; blocked/quarantined until a later ledger changes it	blue objects are blocked; all public exports additionally require proof dossier and public API contract
DBR4	Blue/reference-theory audit ledger	20.4	K	no	proof:DBR4	dead-candidate	object register status K; blocked/quarantined until a later ledger changes it	blue objects are blocked; all public exports additionally require proof dossier and public API contract
DBR5	Interactive/online database-backed documentation views	20.5	K	no	proof:DBR5	dead-candidate	object register status K; blocked/quarantined until a later ledger changes it	blue objects are blocked; all public exports additionally require proof dossier and public API contract
DBR6	Context-filtered documentation slice generator	20.6	G	yes	proof:DBR6	final-output	green object with documented dossier; still subject to public API contract if exported	blue objects are blocked; all public exports additionally require proof dossier and public API contract
DBR7	Stats front section and tool-interface documentation layer	20.7	G	yes	proof:DBR7	final-output	green object with documented dossier; still subject to public API contract if exported	blue objects are blocked; all public exports additionally require proof dossier and public API contract
LEG36	Semantic module consolidation ledger	1.1.1.1.5	Y	active-prepared-in-V1.12	proof:LEG36	legacy-policy	object layer is planning/governance/legacy control surface	blue objects are blocked; all public exports additionally require proof dossier and public API contract
DBR8	Root artifact retention and cleanup policy	20.8	G	yes	proof:DBR8	final-output	green object with documented dossier; still subject to public API contract if exported	blue objects are blocked; all public exports additionally require proof dossier and public API contract
DBR9	Current README and workflow-orientation manual	20.9	G	yes	proof:DBR9	final-output	green object with documented dossier; still subject to public API contract if exported	blue objects are blocked; all public exports additionally require proof dossier and public API contract
DBR10	Root Lean/Lake project-control files	20.10	G	yes	proof:DBR10	final-output	green object with documented dossier; still subject to public API contract if exported	blue objects are blocked; all public exports additionally require proof dossier and public API contract
DBR11	Root license, single-root README, credits and assistant-requirement surface	20.11	G	yes	proof:DBR11	final-output	green object with documented dossier; still subject to public API contract if exported	blue objects are blocked; all public exports additionally require proof dossier and public API contract
DBR12	Generated PDF section-pagebreak layout invariant	20.12	G	yes	proof:DBR12	final-output	green object with documented dossier; still subject to public API contract if exported	blue objects are blocked; all public exports additionally require proof dossier and public API contract
DBR13	Phase status release policy and red-lock ledger	20.13	G	yes	proof:DBR13	legacy-policy	object layer is planning/governance/legacy control surface	blue objects are blocked; all public exports additionally require proof dossier and public API contract
DBR14	Static documentation explanations and module-change appendix policy	20.14	G	yes	proof:DBR14	final-output	green object with documented dossier; still subject to public API contract if exported	blue objects are blocked; all public exports additionally require proof dossier and public API contract
LEG37	Current source intake completeness ledger	1.1.1.1.5.1	Y	active-prepared	proof:LEG37	legacy-policy	object layer is planning/governance/legacy control surface	blue objects are blocked; all public exports additionally require proof dossier and public API contract
LEG38	Neutral module-name and facade migration map	1.1.1.1.5.2	Y	active-prepared	proof:LEG38	legacy-policy	object layer is planning/governance/legacy control surface	blue objects are blocked; all public exports additionally require proof dossier and public API contract
LEG39	Neutral refactor execution certificate	1.1.1.1.5.3	Y	active-prepared	proof:LEG39	legacy-policy	object layer is planning/governance/legacy control surface	blue objects are blocked; all public exports additionally require proof dossier and public API contract
LEG40	Post-refactor inventory closure certificate	1.1.1.1.5.4	Y	active-prepared	proof:LEG40	core-computational	registered object is not green-final and not blue/quarantined; keep internal until its own phase closes	blue objects are blocked; all public exports additionally require proof dossier and public API contract
LEG41	Pre-substantive-code release certificate	1.1.1.1.5.5	Y	active-prepared	proof:LEG41	legacy-policy	object layer is planning/governance/legacy control surface	blue objects are blocked; all public exports additionally require proof dossier and public API contract
DBR15	provider-neutral SQL database mirror feasibility and schema design	20.15	W	planned	proof:DBR15	core-computational	registered object is not green-final and not blue/quarantined; keep internal until its own phase closes	blue objects are blocked; all public exports additionally require proof dossier and public API contract
DBR16	YAML/exports to SQL import and roundtrip contract	20.16	W	planned	proof:DBR16	core-computational	registered object is not green-final and not blue/quarantined; keep internal until its own phase closes	blue objects are blocked; all public exports additionally require proof dossier and public API contract
DBR17	Append-only snapshot and checksum model	20.17	W	planned	proof:DBR17	core-computational	registered object is not green-final and not blue/quarantined; keep internal until its own phase closes	blue objects are blocked; all public exports additionally require proof dossier and public API contract
DBR18	Public read-only API views and read-only access policies	20.18	W	planned	proof:DBR18	core-computational	registered object is not green-final and not blue/quarantined; keep internal until its own phase closes	blue objects are blocked; all public exports additionally require proof dossier and public API contract
DBR19	cnna-project.net web-frontend data contract	20.19	W	planned	proof:DBR19	core-computational	registered object is not green-final and not blue/quarantined; keep internal until its own phase closes	blue objects are blocked; all public exports additionally require proof dossier and public API contract
DBR20	Reviewer annotation and future admin-write model	20.20	W	planned	proof:DBR20	core-computational	registered object is not green-final and not blue/quarantined; keep internal until its own phase closes	blue objects are blocked; all public exports additionally require proof dossier and public API contract
DBR21	Enlarged generated-PDF typography profile	20.21	G	yes	proof:DBR21	final-output	green object with documented dossier; still subject to public API contract if exported	blue objects are blocked; all public exports additionally require proof dossier and public API contract
GA0	Horn quaternion/geometric-algebra reference-gate packet	1.4.9	K	no	proof:GA0	dead-candidate	object register status K; blocked/quarantined until a later ledger changes it	blue objects are blocked; all public exports additionally require proof dossier and public API contract
GA1	Hamilton unit and Pauli/Cartan sign-convention comparison profile	1.4.9.1	K	no	proof:GA1	dead-candidate	object register status K; blocked/quarantined until a later ledger changes it	blue objects are blocked; all public exports additionally require proof dossier and public API contract
GA2	Pauli bivector/pseudoscalar duality comparison profile	1.4.9.2	K	no	proof:GA2	dead-candidate	object register status K; blocked/quarantined until a later ledger changes it	blue objects are blocked; all public exports additionally require proof dossier and public API contract
GA3	Complex-quaternion eight-basis multivector comparison profile	1.4.9.2	K	no	proof:GA3	dead-candidate	object register status K; blocked/quarantined until a later ledger changes it	blue objects are blocked; all public exports additionally require proof dossier and public API contract
GA4	Boundary Pauli/Clifford comparison gate	13.2.1	K	no	proof:GA4	dead-candidate	object register status K; blocked/quarantined until a later ledger changes it	blue objects are blocked; all public exports additionally require proof dossier and public API contract
GA5	Dirac/spacetime-algebra comparison target gate	13.6.1	K	no	proof:GA5	dead-candidate	object register status K; blocked/quarantined until a later ledger changes it	blue objects are blocked; all public exports additionally require proof dossier and public API contract
GA6	Geometric and conformal algebra side-comparison register	18.5	K	no	proof:GA6	dead-candidate	object register status K; blocked/quarantined until a later ledger changes it	blue objects are blocked; all public exports additionally require proof dossier and public API contract
DBR27	Phase/Object context-class taxonomy	20.27	G	yes	proof:DBR27	legacy-policy	object layer is planning/governance/legacy control surface	blue objects are blocked; all public exports additionally require proof dossier and public API contract
CEX0	Explorer-readiness audit ledger	21.0	Y	active-prepared	proof:CEX0	core-computational	registered object is not green-final and not blue/quarantined; keep internal until its own phase closes	blue objects are blocked; all public exports additionally require proof dossier and public API contract
CEX1	Explorer semantic graph schema	21.1	W	planned	proof:CEX1	core-computational	registered object is not green-final and not blue/quarantined; keep internal until its own phase closes	blue objects are blocked; all public exports additionally require proof dossier and public API contract
CEX2	YAML2SQL/MySQL mirror contract	21.2	W	planned	proof:CEX2	core-computational	registered object is not green-final and not blue/quarantined; keep internal until its own phase closes	blue objects are blocked; all public exports additionally require proof dossier and public API contract
CEX3	Explorer read-only API/query projection contract	21.3	W	planned	proof:CEX3	core-computational	registered object is not green-final and not blue/quarantined; keep internal until its own phase closes	blue objects are blocked; all public exports additionally require proof dossier and public API contract
CEX4	Dark Pillar-hub star-map UI shell	21.4	W	planned	proof:CEX4	core-computational	registered object is not green-final and not blue/quarantined; keep internal until its own phase closes	blue objects are blocked; all public exports additionally require proof dossier and public API contract
CEX5	Inspector/menu/i18n explanation contract	21.5	W	planned	proof:CEX5	core-computational	registered object is not green-final and not blue/quarantined; keep internal until its own phase closes	blue objects are blocked; all public exports additionally require proof dossier and public API contract
CEX6	Explorer filter and projection engine	21.6	W	planned	proof:CEX6	core-computational	registered object is not green-final and not blue/quarantined; keep internal until its own phase closes	blue objects are blocked; all public exports additionally require proof dossier and public API contract
CEX7	History and hypothesis lifecycle layer	21.7	W	planned	proof:CEX7	core-computational	registered object is not green-final and not blue/quarantined; keep internal until its own phase closes	blue objects are blocked; all public exports additionally require proof dossier and public API contract
CEX8	Explorer lab-boundary contract	21.8	W	planned	proof:CEX8	core-computational	registered object is not green-final and not blue/quarantined; keep internal until its own phase closes	blue objects are blocked; all public exports additionally require proof dossier and public API contract
CEX9	CNNA Explorer deployment and Universe Explorer roadmap	21.9	W	planned	proof:CEX9	core-computational	registered object is not green-final and not blue/quarantined; keep internal until its own phase closes	blue objects are blocked; all public exports additionally require proof dossier and public API contract
CEX10	Object lifecycle and historical provenance ledger	21.0	Y	active-prepared	proof:CEX10	legacy-policy	object layer is planning/governance/legacy control surface	blue objects are blocked; all public exports additionally require proof dossier and public API contract
CEX11	Total Lean declaration classification ledger	21.0	Y	active-prepared	proof:CEX11	core-computational	registered object is not green-final and not blue/quarantined; keep internal until its own phase closes	blue objects are blocked; all public exports additionally require proof dossier and public API contract
CEX12	GitHub repository automation and backup-gated PR contract	21.2.1	W	planned	proof:CEX12	core-computational	registered object is not green-final and not blue/quarantined; keep internal until its own phase closes	blue objects are blocked; all public exports additionally require proof dossier and public API contract
CEX13	GitHub Actions Lean-build and snapshot-artifact pipeline	21.2.2	W	planned	proof:CEX13	core-computational	registered object is not green-final and not blue/quarantined; keep internal until its own phase closes	blue objects are blocked; all public exports additionally require proof dossier and public API contract
CEX14	Webhosting-local MySQL staging import, read-only swap and rollback contract	21.2.3	W	planned	proof:CEX14	core-computational	registered object is not green-final and not blue/quarantined; keep internal until its own phase closes	blue objects are blocked; all public exports additionally require proof dossier and public API contract
CEX15	CI build-result phase-state controller and automatic repair-phase generator	21.2.4	W	planned	proof:CEX15	legacy-policy	object layer is planning/governance/legacy control surface	blue objects are blocked; all public exports additionally require proof dossier and public API contract
CEX16	Red-build failure visibility snapshot and repair-phase publication channel	21.2.5	W	planned	proof:CEX16	core-computational	registered object is not green-final and not blue/quarantined; keep internal until its own phase closes	blue objects are blocked; all public exports additionally require proof dossier and public API contract
B07	Complement-net modular B core chain	13.8	R	no	proof:B07	dead-candidate	object register status R; blocked/quarantined until a later ledger changes it	blue objects are blocked; all public exports additionally require proof dossier and public API contract
B08	Nuclearity/DHR/DR reconstruction bridge	13.9	R	no	proof:B08	dead-candidate	object register status R; blocked/quarantined until a later ledger changes it	blue objects are blocked; all public exports additionally require proof dossier and public API contract
PC00	ParameterClosure chain	15.5	R	no	proof:PC00	dead-candidate	object register status R; blocked/quarantined until a later ledger changes it	blue objects are blocked; all public exports additionally require proof dossier and public API contract
D04	LCQFT/Hadamard/Wick D gate chain	15.6	R	no	proof:D04	dead-candidate	object register status R; blocked/quarantined until a later ledger changes it	blue objects are blocked; all public exports additionally require proof dossier and public API contract
DE00	D/E bridge gate chain	16.5	R	no	proof:DE00	dead-candidate	object register status R; blocked/quarantined until a later ledger changes it	blue objects are blocked; all public exports additionally require proof dossier and public API contract
E04	Feynman matter audit gate	16.5	R	no	proof:E04	dead-candidate	object register status R; blocked/quarantined until a later ledger changes it	blue objects are blocked; all public exports additionally require proof dossier and public API contract
E05	Particle/scattering/IR horizon window	16.6	K	no	proof:E05	dead-candidate	object register status K; blocked/quarantined until a later ledger changes it	blue objects are blocked; all public exports additionally require proof dossier and public API contract
RDV0	Original roadmap source/definition/notation audit ledger	22.0	K	no	proof:RDV0	dead-candidate	object register status K; blocked/quarantined until a later ledger changes it	blue objects are blocked; all public exports additionally require proof dossier and public API contract
RDV1	Roadmap migration disposition ledger	22.1	K	no	proof:RDV1	dead-candidate	object register status K; blocked/quarantined until a later ledger changes it	blue objects are blocked; all public exports additionally require proof dossier and public API contract
RDV2	Roadmap de-seeding/regression/rollback workflow ledger	22.2	K	no	proof:RDV2	dead-candidate	object register status K; blocked/quarantined until a later ledger changes it	blue objects are blocked; all public exports additionally require proof dossier and public API contract
RDV3	Roadmap modular B gate-sheet ledger	22.3	K	no	proof:RDV3	dead-candidate	object register status K; blocked/quarantined until a later ledger changes it	blue objects are blocked; all public exports additionally require proof dossier and public API contract
RDV4	Roadmap ParameterClosure gate-sheet ledger	22.4	K	no	proof:RDV4	dead-candidate	object register status K; blocked/quarantined until a later ledger changes it	blue objects are blocked; all public exports additionally require proof dossier and public API contract
RDV5	Roadmap D/E bridge and local-covariance gate-sheet ledger	22.5	K	no	proof:RDV5	dead-candidate	object register status K; blocked/quarantined until a later ledger changes it	blue objects are blocked; all public exports additionally require proof dossier and public API contract
RDV6	Roadmap Feynman/scattering/IR audit ledger	22.6	K	no	proof:RDV6	dead-candidate	object register status K; blocked/quarantined until a later ledger changes it	blue objects are blocked; all public exports additionally require proof dossier and public API contract
RLC0	REALOQS v0.0605 legacy source inventory ledger	23.0	K	no	proof:RLC0	dead-candidate	object register status K; blocked/quarantined until a later ledger changes it	blue objects are blocked; all public exports additionally require proof dossier and public API contract
RLC1	REALOQS AQFT foundation migration-disposition ledger	23.1	R	no	proof:RLC1	dead-candidate	object register status R; blocked/quarantined until a later ledger changes it	blue objects are blocked; all public exports additionally require proof dossier and public API contract
RLC2	REALOQS-to-CNNA A->B handoff compatibility ledger	23.2	R	no	proof:RLC2	dead-candidate	object register status R; blocked/quarantined until a later ledger changes it	blue objects are blocked; all public exports additionally require proof dossier and public API contract
RLC3	REALOQS boundary-matrix AQFT rewrite ledger	23.3	R	no	proof:RLC3	dead-candidate	object register status R; blocked/quarantined until a later ledger changes it	blue objects are blocked; all public exports additionally require proof dossier and public API contract
RLC4	REALOQS Haag-Kastler gate extraction ledger	23.4	R	no	proof:RLC4	dead-candidate	object register status R; blocked/quarantined until a later ledger changes it	blue objects are blocked; all public exports additionally require proof dossier and public API contract
RLC5	REALOQS state-GNS-KMS-modular route map	23.5	R	no	proof:RLC5	dead-candidate	object register status R; blocked/quarantined until a later ledger changes it	blue objects are blocked; all public exports additionally require proof dossier and public API contract
RLC6	REALOQS quasi-local split/nuclearity horizon map	23.6	R	no	proof:RLC6	dead-candidate	object register status R; blocked/quarantined until a later ledger changes it	blue objects are blocked; all public exports additionally require proof dossier and public API contract
RLC7	REALOQS examples/meta quarantine and regression ledger	23.7	R	no	proof:RLC7	dead-candidate	object register status R; blocked/quarantined until a later ledger changes it	blue objects are blocked; all public exports additionally require proof dossier and public API contract
RLC8	REALOQS declaration crosswalk and Explorer legacy overlay ledger	23.8	R	no	proof:RLC8	dead-candidate	object register status R; blocked/quarantined until a later ledger changes it	blue objects are blocked; all public exports additionally require proof dossier and public API contract
