context_score	matched_terms	Generated export	Object ID	Object	Phase	Object status	Proof documentation status	Proof dossier	Consumption class	Classification evidence	Public promotion gate	Module	Path	Line	Declaration	Basename	Module class	Reference consumer count	Reference consumer sample	Group	Imported-by count	Class	Meaning	Evidence rule	Public/API disposition	Blocked promotion rule
11	module consolidation; leg36; public api	object_consumption_classification.generated.tsv	LEG36	Semantic module consolidation ledger	1.1.1.1.5	Y	active-prepared-in-V1.12	proof:LEG36	legacy-policy	object layer is planning/governance/legacy control surface	blue objects are blocked; all public exports additionally require proof dossier and public API contract															
9	compatibility; boundarysource; cayleydickson; notation; consumer	declaration_consumption_records.generated.tsv							proof-bridge	inherits module classification: module name carries certificate/proof/bridge/identity role	blocked from public-final unless later linked to a documented object/API contract	CNNA.PillarA.Arithmetic.CayleyDickson.ArithmeticCDBridge	CNNA/PillarA/Arithmetic/CayleyDickson/ArithmeticCDBridge.lean	210	CNNA.PillarA.Arithmetic.CayleyDickson.CDComplexArithmeticBridge.fromBoundarySource	fromBoundarySource	proof-bridge	93	CNNA.PillarA.Arithmetic.Convergence.CDArithmeticCompatibility; CNNA.PillarA.Arithmetic.Convergence.QuaternionRamanujanInterface; CNNA.PillarA.Arithmetic.Notation							
9	compatibility; boundarysource; cayleydickson; notation; consumer	declaration_consumption_records.generated.tsv							proof-bridge	inherits module classification: module name carries certificate/proof/bridge/identity role	blocked from public-final unless later linked to a documented object/API contract	CNNA.PillarA.Arithmetic.CayleyDickson.ArithmeticCDBridge	CNNA/PillarA/Arithmetic/CayleyDickson/ArithmeticCDBridge.lean	333	CNNA.PillarA.Arithmetic.StrengtheningAR6a.AR6aCDComplexArithmeticBridgeFromBoundarySource	AR6aCDComplexArithmeticBridgeFromBoundarySource	proof-bridge	93	CNNA.PillarA.Arithmetic.Convergence.CDArithmeticCompatibility; CNNA.PillarA.Arithmetic.Convergence.QuaternionRamanujanInterface; CNNA.PillarA.Arithmetic.Notation							
9	compatibility; cayleydickson; notation; consumer; public api	module_consumption_records.generated.tsv							proof-bridge	module name carries certificate/proof/bridge/identity role	not public-final unless an object proof dossier and public API contract later permit it	CNNA.PillarA.Arithmetic.CayleyDickson.ArithmeticCDBridge	CNNA/PillarA/Arithmetic/CayleyDickson/ArithmeticCDBridge.lean					93	CNNA.PillarA.Arithmetic.Convergence.CDArithmeticCompatibility; CNNA.PillarA.Arithmetic.Convergence.QuaternionRamanujanInterface; CNNA.PillarA.Arithmetic.Notation	PillarA/Arithmetic	4					
8	compatibility; cayleydickson; notation; consumer	declaration_consumption_records.generated.tsv							proof-bridge	inherits module classification: module name carries certificate/proof/bridge/identity role	blocked from public-final unless later linked to a documented object/API contract	CNNA.PillarA.Arithmetic.CayleyDickson.ArithmeticCDBridge	CNNA/PillarA/Arithmetic/CayleyDickson/ArithmeticCDBridge.lean	12	CNNA.PillarA.Arithmetic.CayleyDickson.StructuralCDSource	StructuralCDSource	proof-bridge	93	CNNA.PillarA.Arithmetic.Convergence.CDArithmeticCompatibility; CNNA.PillarA.Arithmetic.Convergence.QuaternionRamanujanInterface; CNNA.PillarA.Arithmetic.Notation							
8	compatibility; cayleydickson; notation; consumer	declaration_consumption_records.generated.tsv							proof-bridge	inherits module classification: module name carries certificate/proof/bridge/identity role	blocked from public-final unless later linked to a documented object/API contract	CNNA.PillarA.Arithmetic.CayleyDickson.ArithmeticCDBridge	CNNA/PillarA/Arithmetic/CayleyDickson/ArithmeticCDBridge.lean	17	CNNA.PillarA.Arithmetic.CayleyDickson.AR6aCarrierTransferStatus	AR6aCarrierTransferStatus	proof-bridge	93	CNNA.PillarA.Arithmetic.Convergence.CDArithmeticCompatibility; CNNA.PillarA.Arithmetic.Convergence.QuaternionRamanujanInterface; CNNA.PillarA.Arithmetic.Notation							
8	compatibility; cayleydickson; notation; consumer	declaration_consumption_records.generated.tsv							proof-bridge	inherits module classification: module name carries certificate/proof/bridge/identity role	blocked from public-final unless later linked to a documented object/API contract	CNNA.PillarA.Arithmetic.CayleyDickson.ArithmeticCDBridge	CNNA/PillarA/Arithmetic/CayleyDickson/ArithmeticCDBridge.lean	21	CNNA.PillarA.Arithmetic.CayleyDickson.AR6aEmbeddingTransferStatus	AR6aEmbeddingTransferStatus	proof-bridge	93	CNNA.PillarA.Arithmetic.Convergence.CDArithmeticCompatibility; CNNA.PillarA.Arithmetic.Convergence.QuaternionRamanujanInterface; CNNA.PillarA.Arithmetic.Notation							
8	compatibility; cayleydickson; notation; consumer	declaration_consumption_records.generated.tsv							proof-bridge	inherits module classification: module name carries certificate/proof/bridge/identity role	blocked from public-final unless later linked to a documented object/API contract	CNNA.PillarA.Arithmetic.CayleyDickson.ArithmeticCDBridge	CNNA/PillarA/Arithmetic/CayleyDickson/ArithmeticCDBridge.lean	25	CNNA.PillarA.Arithmetic.CayleyDickson.AR6aConjugationTransferStatus	AR6aConjugationTransferStatus	proof-bridge	93	CNNA.PillarA.Arithmetic.Convergence.CDArithmeticCompatibility; CNNA.PillarA.Arithmetic.Convergence.QuaternionRamanujanInterface; CNNA.PillarA.Arithmetic.Notation							
8	compatibility; cayleydickson; notation; consumer	declaration_consumption_records.generated.tsv							proof-bridge	inherits module classification: module name carries certificate/proof/bridge/identity role	blocked from public-final unless later linked to a documented object/API contract	CNNA.PillarA.Arithmetic.CayleyDickson.ArithmeticCDBridge	CNNA/PillarA/Arithmetic/CayleyDickson/ArithmeticCDBridge.lean	29	CNNA.PillarA.Arithmetic.CayleyDickson.AR6aProductTransferStatus	AR6aProductTransferStatus	proof-bridge	93	CNNA.PillarA.Arithmetic.Convergence.CDArithmeticCompatibility; CNNA.PillarA.Arithmetic.Convergence.QuaternionRamanujanInterface; CNNA.PillarA.Arithmetic.Notation							
8	compatibility; cayleydickson; notation; consumer	declaration_consumption_records.generated.tsv							proof-bridge	inherits module classification: module name carries certificate/proof/bridge/identity role	blocked from public-final unless later linked to a documented object/API contract	CNNA.PillarA.Arithmetic.CayleyDickson.ArithmeticCDBridge	CNNA/PillarA/Arithmetic/CayleyDickson/ArithmeticCDBridge.lean	33	CNNA.PillarA.Arithmetic.CayleyDickson.AR6aNormTransferStatus	AR6aNormTransferStatus	proof-bridge	93	CNNA.PillarA.Arithmetic.Convergence.CDArithmeticCompatibility; CNNA.PillarA.Arithmetic.Convergence.QuaternionRamanujanInterface; CNNA.PillarA.Arithmetic.Notation							
8	compatibility; cayleydickson; notation; consumer	declaration_consumption_records.generated.tsv							proof-bridge	inherits module classification: module name carries certificate/proof/bridge/identity role	blocked from public-final unless later linked to a documented object/API contract	CNNA.PillarA.Arithmetic.CayleyDickson.ArithmeticCDBridge	CNNA/PillarA/Arithmetic/CayleyDickson/ArithmeticCDBridge.lean	37	CNNA.PillarA.Arithmetic.CayleyDickson.AR6aNoIdentificationStatus	AR6aNoIdentificationStatus	proof-bridge	93	CNNA.PillarA.Arithmetic.Convergence.CDArithmeticCompatibility; CNNA.PillarA.Arithmetic.Convergence.QuaternionRamanujanInterface; CNNA.PillarA.Arithmetic.Notation							
8	compatibility; cayleydickson; notation; consumer	declaration_consumption_records.generated.tsv							legacy-policy	declaration is governance/policy/ledger/audit material	blocked from public-final unless later linked to a documented object/API contract	CNNA.PillarA.Arithmetic.CayleyDickson.ArithmeticCDBridge	CNNA/PillarA/Arithmetic/CayleyDickson/ArithmeticCDBridge.lean	41	CNNA.PillarA.Arithmetic.CayleyDickson.AR6aBridgeLedgerStatus	AR6aBridgeLedgerStatus	proof-bridge	93	CNNA.PillarA.Arithmetic.Convergence.CDArithmeticCompatibility; CNNA.PillarA.Arithmetic.Convergence.QuaternionRamanujanInterface; CNNA.PillarA.Arithmetic.Notation							
8	compatibility; cayleydickson; notation; consumer	declaration_consumption_records.generated.tsv							proof-bridge	inherits module classification: module name carries certificate/proof/bridge/identity role	blocked from public-final unless later linked to a documented object/API contract	CNNA.PillarA.Arithmetic.CayleyDickson.ArithmeticCDBridge	CNNA/PillarA/Arithmetic/CayleyDickson/ArithmeticCDBridge.lean	45	CNNA.PillarA.Arithmetic.CayleyDickson.ExecMirrorScalarTransfer	ExecMirrorScalarTransfer	proof-bridge	93	CNNA.PillarA.Arithmetic.Convergence.CDArithmeticCompatibility; CNNA.PillarA.Arithmetic.Convergence.QuaternionRamanujanInterface; CNNA.PillarA.Arithmetic.Notation							
8	compatibility; cayleydickson; notation; consumer	declaration_consumption_records.generated.tsv							proof-bridge	inherits module classification: module name carries certificate/proof/bridge/identity role	blocked from public-final unless later linked to a documented object/API contract	CNNA.PillarA.Arithmetic.CayleyDickson.ArithmeticCDBridge	CNNA/PillarA/Arithmetic/CayleyDickson/ArithmeticCDBridge.lean	58	CNNA.PillarA.Arithmetic.CayleyDickson.ExecMirrorScalarTransfer.closed	closed	proof-bridge	93	CNNA.PillarA.Arithmetic.Convergence.CDArithmeticCompatibility; CNNA.PillarA.Arithmetic.Convergence.QuaternionRamanujanInterface; CNNA.PillarA.Arithmetic.Notation							
8	compatibility; cayleydickson; notation; consumer	declaration_consumption_records.generated.tsv							proof-bridge	inherits module classification: module name carries certificate/proof/bridge/identity role	blocked from public-final unless later linked to a documented object/API contract	CNNA.PillarA.Arithmetic.CayleyDickson.ArithmeticCDBridge	CNNA/PillarA/Arithmetic/CayleyDickson/ArithmeticCDBridge.lean	81	CNNA.PillarA.Arithmetic.CayleyDickson.CDCanonicalComplexSurface	CDCanonicalComplexSurface	proof-bridge	93	CNNA.PillarA.Arithmetic.Convergence.CDArithmeticCompatibility; CNNA.PillarA.Arithmetic.Convergence.QuaternionRamanujanInterface; CNNA.PillarA.Arithmetic.Notation							
8	compatibility; cayleydickson; notation; consumer	declaration_consumption_records.generated.tsv							proof-bridge	inherits module classification: module name carries certificate/proof/bridge/identity role	blocked from public-final unless later linked to a documented object/API contract	CNNA.PillarA.Arithmetic.CayleyDickson.ArithmeticCDBridge	CNNA/PillarA/Arithmetic/CayleyDickson/ArithmeticCDBridge.lean	115	CNNA.PillarA.Arithmetic.CayleyDickson.CDCanonicalComplexSurface.fromCDSource	fromCDSource	proof-bridge	93	CNNA.PillarA.Arithmetic.Convergence.CDArithmeticCompatibility; CNNA.PillarA.Arithmetic.Convergence.QuaternionRamanujanInterface; CNNA.PillarA.Arithmetic.Notation							
8	compatibility; cayleydickson; notation; consumer	declaration_consumption_records.generated.tsv							proof-bridge	inherits module classification: module name carries certificate/proof/bridge/identity role	blocked from public-final unless later linked to a documented object/API contract	CNNA.PillarA.Arithmetic.CayleyDickson.ArithmeticCDBridge	CNNA/PillarA/Arithmetic/CayleyDickson/ArithmeticCDBridge.lean	144	CNNA.PillarA.Arithmetic.CayleyDickson.CDComplexArithmeticBridge	CDComplexArithmeticBridge	proof-bridge	93	CNNA.PillarA.Arithmetic.Convergence.CDArithmeticCompatibility; CNNA.PillarA.Arithmetic.Convergence.QuaternionRamanujanInterface; CNNA.PillarA.Arithmetic.Notation							
8	compatibility; cayleydickson; notation; consumer	declaration_consumption_records.generated.tsv							proof-bridge	inherits module classification: module name carries certificate/proof/bridge/identity role	blocked from public-final unless later linked to a documented object/API contract	CNNA.PillarA.Arithmetic.CayleyDickson.ArithmeticCDBridge	CNNA/PillarA/Arithmetic/CayleyDickson/ArithmeticCDBridge.lean	279	CNNA.PillarA.Arithmetic.CayleyDickson.CDComplexArithmeticBridge.status_closed	status_closed	proof-bridge	93	CNNA.PillarA.Arithmetic.Convergence.CDArithmeticCompatibility; CNNA.PillarA.Arithmetic.Convergence.QuaternionRamanujanInterface; CNNA.PillarA.Arithmetic.Notation							
8	compatibility; cayleydickson; notation; consumer	declaration_consumption_records.generated.tsv							proof-bridge	inherits module classification: module name carries certificate/proof/bridge/identity role	blocked from public-final unless later linked to a documented object/API contract	CNNA.PillarA.Arithmetic.CayleyDickson.ArithmeticCDBridge	CNNA/PillarA/Arithmetic/CayleyDickson/ArithmeticCDBridge.lean	288	CNNA.PillarA.Arithmetic.CayleyDickson.CDComplexArithmeticBridge.no_exec_mirror_cd_identification	no_exec_mirror_cd_identification	proof-bridge	93	CNNA.PillarA.Arithmetic.Convergence.CDArithmeticCompatibility; CNNA.PillarA.Arithmetic.Convergence.QuaternionRamanujanInterface; CNNA.PillarA.Arithmetic.Notation							
8	compatibility; cayleydickson; notation; consumer	declaration_consumption_records.generated.tsv							proof-bridge	inherits module classification: module name carries certificate/proof/bridge/identity role	blocked from public-final unless later linked to a documented object/API contract	CNNA.PillarA.Arithmetic.CayleyDickson.ArithmeticCDBridge	CNNA/PillarA/Arithmetic/CayleyDickson/ArithmeticCDBridge.lean	298	CNNA.PillarA.Arithmetic.CayleyDickson.CDComplexArithmeticBridge.shared_schur_provenance	shared_schur_provenance	proof-bridge	93	CNNA.PillarA.Arithmetic.Convergence.CDArithmeticCompatibility; CNNA.PillarA.Arithmetic.Convergence.QuaternionRamanujanInterface; CNNA.PillarA.Arithmetic.Notation							
8	compatibility; cayleydickson; notation; consumer	declaration_consumption_records.generated.tsv							proof-bridge	inherits module classification: module name carries certificate/proof/bridge/identity role	blocked from public-final unless later linked to a documented object/API contract	CNNA.PillarA.Arithmetic.CayleyDickson.ArithmeticCDBridge	CNNA/PillarA/Arithmetic/CayleyDickson/ArithmeticCDBridge.lean	313	CNNA.PillarA.Arithmetic.StrengtheningAR6a.AR6aStructuralCDSource	AR6aStructuralCDSource	proof-bridge	93	CNNA.PillarA.Arithmetic.Convergence.CDArithmeticCompatibility; CNNA.PillarA.Arithmetic.Convergence.QuaternionRamanujanInterface; CNNA.PillarA.Arithmetic.Notation							
8	compatibility; cayleydickson; notation; consumer	declaration_consumption_records.generated.tsv							proof-bridge	inherits module classification: module name carries certificate/proof/bridge/identity role	blocked from public-final unless later linked to a documented object/API contract	CNNA.PillarA.Arithmetic.CayleyDickson.ArithmeticCDBridge	CNNA/PillarA/Arithmetic/CayleyDickson/ArithmeticCDBridge.lean	318	CNNA.PillarA.Arithmetic.StrengtheningAR6a.AR6aCDCanonicalComplexSurface	AR6aCDCanonicalComplexSurface	proof-bridge	93	CNNA.PillarA.Arithmetic.Convergence.CDArithmeticCompatibility; CNNA.PillarA.Arithmetic.Convergence.QuaternionRamanujanInterface; CNNA.PillarA.Arithmetic.Notation							
8	compatibility; cayleydickson; notation; consumer	declaration_consumption_records.generated.tsv							proof-bridge	inherits module classification: module name carries certificate/proof/bridge/identity role	blocked from public-final unless later linked to a documented object/API contract	CNNA.PillarA.Arithmetic.CayleyDickson.ArithmeticCDBridge	CNNA/PillarA/Arithmetic/CayleyDickson/ArithmeticCDBridge.lean	324	CNNA.PillarA.Arithmetic.StrengtheningAR6a.AR6aCDComplexArithmeticBridge	AR6aCDComplexArithmeticBridge	proof-bridge	93	CNNA.PillarA.Arithmetic.Convergence.CDArithmeticCompatibility; CNNA.PillarA.Arithmetic.Convergence.QuaternionRamanujanInterface; CNNA.PillarA.Arithmetic.Notation							
8	compatibility; cayleydickson; notation; consumer	declaration_consumption_records.generated.tsv							proof-bridge	inherits module classification: module name carries certificate/proof/bridge/identity role	blocked from public-final unless later linked to a documented object/API contract	CNNA.PillarA.Arithmetic.CayleyDickson.ArithmeticCDBridge	CNNA/PillarA/Arithmetic/CayleyDickson/ArithmeticCDBridge.lean	344	CNNA.PillarA.Arithmetic.StrengtheningAR6a.AR6aBridge_status_closed	AR6aBridge_status_closed	proof-bridge	93	CNNA.PillarA.Arithmetic.Convergence.CDArithmeticCompatibility; CNNA.PillarA.Arithmetic.Convergence.QuaternionRamanujanInterface; CNNA.PillarA.Arithmetic.Notation							
8	compatibility; boundarysource; notation; consumer	declaration_consumption_records.generated.tsv							core-computational	inherits module classification: Pillar-A internal module without policy/wrapper/phase/dead markers	blocked from public-final unless later linked to a documented object/API contract	CNNA.PillarA.Arithmetic.Convergence.CDArithmeticCompatibility	CNNA/PillarA/Arithmetic/Convergence/CDArithmeticCompatibility.lean	289	CNNA.PillarA.Arithmetic.Convergence.QuadraticOrderCDCompatibilitySurface.gaussianFromBoundarySource	gaussianFromBoundarySource	core-computational	9	CNNA.PillarA.Arithmetic.Notation							
8	compatibility; boundarysource; notation; consumer	declaration_consumption_records.generated.tsv							core-computational	inherits module classification: Pillar-A internal module without policy/wrapper/phase/dead markers	blocked from public-final unless later linked to a documented object/API contract	CNNA.PillarA.Arithmetic.Convergence.CDArithmeticCompatibility	CNNA/PillarA/Arithmetic/Convergence/CDArithmeticCompatibility.lean	297	CNNA.PillarA.Arithmetic.Convergence.QuadraticOrderCDCompatibilitySurface.eisensteinFromBoundarySource	eisensteinFromBoundarySource	core-computational	9	CNNA.PillarA.Arithmetic.Notation							
8	compatibility; boundarysource; notation; consumer	declaration_consumption_records.generated.tsv							dead-candidate	declaration name marks a blocked/negative/obstruction route	blocked from public-final unless later linked to a documented object/API contract	CNNA.PillarA.Arithmetic.Convergence.CDArithmeticCompatibility	CNNA/PillarA/Arithmetic/Convergence/CDArithmeticCompatibility.lean	432	CNNA.PillarA.Arithmetic.Convergence.NonQuadraticCDComplexObstruction.fromBoundarySourceAndAR11Certificate	fromBoundarySourceAndAR11Certificate	core-computational	9	CNNA.PillarA.Arithmetic.Notation							
8	compatibility; handoff; cayleydickson; consumer	declaration_consumption_records.generated.tsv							core-computational	inherits module classification: Pillar-A internal module without policy/wrapper/phase/dead markers	blocked from public-final unless later linked to a documented object/API contract	CNNA.PillarA.Handoff.CayleyDicksonAdapter	CNNA/PillarA/Handoff/CayleyDicksonAdapter.lean	69	CNNA.PillarA.Handoff.HandoffFunctorialApproximantCompatibilityObligation	HandoffFunctorialApproximantCompatibilityObligation	core-computational	29	CNNA.PillarA.Handoff.Outputs.A_to_CayleyDickson; CNNA.PillarA.Handoff.ProofObligationI.Completion; CNNA.PillarA.Handoff.ProofObligationII.Preparation; CNNA.PillarA.Handoff.ProofObligationIII.Preparation							
8	compatibility; handoff; cayleydickson; consumer	declaration_consumption_records.generated.tsv							proof-bridge	inherits module classification: module name carries certificate/proof/bridge/identity role	blocked from public-final unless later linked to a documented object/API contract	CNNA.PillarA.Structural.CayleyDickson.S6ProofDutyGroups	CNNA/PillarA/Structural/CayleyDickson/S6ProofDutyGroups.lean	39	CNNA.PillarA.Structural.CayleyDickson.FunctorialApproximantCompatibilityDuty	FunctorialApproximantCompatibilityDuty	proof-bridge	10	CNNA.PillarA.Handoff.CayleyDicksonAdapter; CNNA.PillarA.Structural.CayleyDickson.S6ResearchReadinessBridge							
8	compatibility; handoff; cayleydickson; consumer	declaration_consumption_records.generated.tsv							proof-bridge	inherits module classification: module name carries certificate/proof/bridge/identity role	blocked from public-final unless later linked to a documented object/API contract	CNNA.PillarA.Structural.CayleyDickson.S6ProofDutyGroups	CNNA/PillarA/Structural/CayleyDickson/S6ProofDutyGroups.lean	122	CNNA.PillarA.Structural.CayleyDickson.canonicalIdealAlgebraizationDuty_implies_externalHurwitzCompatibility	canonicalIdealAlgebraizationDuty_implies_externalHurwitzCompatibility	proof-bridge	10	CNNA.PillarA.Handoff.CayleyDicksonAdapter; CNNA.PillarA.Structural.CayleyDickson.S6ResearchReadinessBridge							
8	compatibility; handoff; cayleydickson; consumer	declaration_consumption_records.generated.tsv							core-computational	inherits module classification: Pillar-A internal module without policy/wrapper/phase/dead markers	blocked from public-final unless later linked to a documented object/API contract	CNNA.PillarA.Structural.CayleyDickson.S6StatusLayer	CNNA/PillarA/Structural/CayleyDickson/S6StatusLayer.lean	139	CNNA.PillarA.Structural.CayleyDickson.FunctorialApproximantCompatibilityObligation	FunctorialApproximantCompatibilityObligation	core-computational	4	CNNA.PillarA.Handoff.CayleyDicksonAdapter; CNNA.PillarA.Structural.CayleyDickson.S6ConcreteSeeds							
8	compatibility; notation; consumer; public api	module_consumption_records.generated.tsv							core-computational	Pillar-A internal module without policy/wrapper/phase/dead markers	not public-final unless an object proof dossier and public API contract later permit it	CNNA.PillarA.Arithmetic.Convergence.CDArithmeticCompatibility	CNNA/PillarA/Arithmetic/Convergence/CDArithmeticCompatibility.lean					9	CNNA.PillarA.Arithmetic.Notation	PillarA/Arithmetic	2					
8	compatibility; notation; consumer; public api	module_consumption_records.generated.tsv							core-computational	Pillar-A internal module without policy/wrapper/phase/dead markers	not public-final unless an object proof dossier and public API contract later permit it	CNNA.PillarA.Arithmetic.Orders.NormForms	CNNA/PillarA/Arithmetic/Orders/NormForms.lean					40	CNNA.PillarA.Arithmetic.Convergence.CDArithmeticCompatibility; CNNA.PillarA.Arithmetic.Notation	PillarA/Arithmetic	3					
7	compatibility; notation; consumer	declaration_consumption_records.generated.tsv							core-computational	inherits module classification: Pillar-A internal module without policy/wrapper/phase/dead markers	blocked from public-final unless later linked to a documented object/API contract	CNNA.PillarA.Arithmetic.Convergence.CDArithmeticCompatibility	CNNA/PillarA/Arithmetic/Convergence/CDArithmeticCompatibility.lean	16	CNNA.PillarA.Arithmetic.Convergence.AR12aDiscriminantAlgebraClassification	AR12aDiscriminantAlgebraClassification	core-computational	9	CNNA.PillarA.Arithmetic.Notation							
7	compatibility; notation; consumer	declaration_consumption_records.generated.tsv							core-computational	inherits module classification: Pillar-A internal module without policy/wrapper/phase/dead markers	blocked from public-final unless later linked to a documented object/API contract	CNNA.PillarA.Arithmetic.Convergence.CDArithmeticCompatibility	CNNA/PillarA/Arithmetic/Convergence/CDArithmeticCompatibility.lean	23	CNNA.PillarA.Arithmetic.Convergence.AR12aQuadraticOrderCDEqualityStatus	AR12aQuadraticOrderCDEqualityStatus	core-computational	9	CNNA.PillarA.Arithmetic.Notation							
7	compatibility; notation; consumer	declaration_consumption_records.generated.tsv							core-computational	inherits module classification: Pillar-A internal module without policy/wrapper/phase/dead markers	blocked from public-final unless later linked to a documented object/API contract	CNNA.PillarA.Arithmetic.Convergence.CDArithmeticCompatibility	CNNA/PillarA/Arithmetic/Convergence/CDArithmeticCompatibility.lean	27	CNNA.PillarA.Arithmetic.Convergence.AR12aScalarComparisonStatus	AR12aScalarComparisonStatus	core-computational	9	CNNA.PillarA.Arithmetic.Notation							
7	compatibility; notation; consumer	declaration_consumption_records.generated.tsv							core-computational	inherits module classification: Pillar-A internal module without policy/wrapper/phase/dead markers	blocked from public-final unless later linked to a documented object/API contract	CNNA.PillarA.Arithmetic.Convergence.CDArithmeticCompatibility	CNNA/PillarA/Arithmetic/Convergence/CDArithmeticCompatibility.lean	31	CNNA.PillarA.Arithmetic.Convergence.AR12aNormComparisonStatus	AR12aNormComparisonStatus	core-computational	9	CNNA.PillarA.Arithmetic.Notation							
7	compatibility; notation; consumer	declaration_consumption_records.generated.tsv							core-computational	inherits module classification: Pillar-A internal module without policy/wrapper/phase/dead markers	blocked from public-final unless later linked to a documented object/API contract	CNNA.PillarA.Arithmetic.Convergence.CDArithmeticCompatibility	CNNA/PillarA/Arithmetic/Convergence/CDArithmeticCompatibility.lean	35	CNNA.PillarA.Arithmetic.Convergence.AR12aConjugationComparisonStatus	AR12aConjugationComparisonStatus	core-computational	9	CNNA.PillarA.Arithmetic.Notation							
7	compatibility; notation; consumer	declaration_consumption_records.generated.tsv							core-computational	inherits module classification: Pillar-A internal module without policy/wrapper/phase/dead markers	blocked from public-final unless later linked to a documented object/API contract	CNNA.PillarA.Arithmetic.Convergence.CDArithmeticCompatibility	CNNA/PillarA/Arithmetic/Convergence/CDArithmeticCompatibility.lean	39	CNNA.PillarA.Arithmetic.Convergence.AR12aFormComparisonStatus	AR12aFormComparisonStatus	core-computational	9	CNNA.PillarA.Arithmetic.Notation							
7	compatibility; notation; consumer	declaration_consumption_records.generated.tsv							core-computational	inherits module classification: Pillar-A internal module without policy/wrapper/phase/dead markers	blocked from public-final unless later linked to a documented object/API contract	CNNA.PillarA.Arithmetic.Convergence.CDArithmeticCompatibility	CNNA/PillarA/Arithmetic/Convergence/CDArithmeticCompatibility.lean	43	CNNA.PillarA.Arithmetic.Convergence.AR12aPeriodLatticePreparationStatus	AR12aPeriodLatticePreparationStatus	core-computational	9	CNNA.PillarA.Arithmetic.Notation							
7	compatibility; notation; consumer	declaration_consumption_records.generated.tsv							core-computational	inherits module classification: Pillar-A internal module without policy/wrapper/phase/dead markers	blocked from public-final unless later linked to a documented object/API contract	CNNA.PillarA.Arithmetic.Convergence.CDArithmeticCompatibility	CNNA/PillarA/Arithmetic/Convergence/CDArithmeticCompatibility.lean	48	CNNA.PillarA.Arithmetic.Convergence.AR12aDownstreamDisciplineStatus	AR12aDownstreamDisciplineStatus	core-computational	9	CNNA.PillarA.Arithmetic.Notation							
7	compatibility; notation; consumer	declaration_consumption_records.generated.tsv							core-computational	inherits module classification: Pillar-A internal module without policy/wrapper/phase/dead markers	blocked from public-final unless later linked to a documented object/API contract	CNNA.PillarA.Arithmetic.Convergence.CDArithmeticCompatibility	CNNA/PillarA/Arithmetic/Convergence/CDArithmeticCompatibility.lean	52	CNNA.PillarA.Arithmetic.Convergence.AR12aDerivedOnlyStatus	AR12aDerivedOnlyStatus	core-computational	9	CNNA.PillarA.Arithmetic.Notation							
7	compatibility; notation; consumer	declaration_consumption_records.generated.tsv							dead-candidate	declaration name marks a blocked/negative/obstruction route	blocked from public-final unless later linked to a documented object/API contract	CNNA.PillarA.Arithmetic.Convergence.CDArithmeticCompatibility	CNNA/PillarA/Arithmetic/Convergence/CDArithmeticCompatibility.lean	56	CNNA.PillarA.Arithmetic.Convergence.AR12aCDCObstructionStatus	AR12aCDCObstructionStatus	core-computational	9	CNNA.PillarA.Arithmetic.Notation							
7	compatibility; notation; consumer	declaration_consumption_records.generated.tsv							proof-bridge	declaration name carries proof/certificate/equality/witness role	blocked from public-final unless later linked to a documented object/API contract	CNNA.PillarA.Arithmetic.Convergence.CDArithmeticCompatibility	CNNA/PillarA/Arithmetic/Convergence/CDArithmeticCompatibility.lean	60	CNNA.PillarA.Arithmetic.Convergence.ImaginaryQuadraticDiscriminantWitness	ImaginaryQuadraticDiscriminantWitness	core-computational	9	CNNA.PillarA.Arithmetic.Notation							
7	compatibility; notation; consumer	declaration_consumption_records.generated.tsv							proof-bridge	declaration name carries proof/certificate/equality/witness role	blocked from public-final unless later linked to a documented object/API contract	CNNA.PillarA.Arithmetic.Convergence.CDArithmeticCompatibility	CNNA/PillarA/Arithmetic/Convergence/CDArithmeticCompatibility.lean	68	CNNA.PillarA.Arithmetic.Convergence.ImaginaryQuadraticDiscriminantWitness.gaussian	gaussian	core-computational	9	CNNA.PillarA.Arithmetic.Notation							
7	compatibility; notation; consumer	declaration_consumption_records.generated.tsv							proof-bridge	declaration name carries proof/certificate/equality/witness role	blocked from public-final unless later linked to a documented object/API contract	CNNA.PillarA.Arithmetic.Convergence.CDArithmeticCompatibility	CNNA/PillarA/Arithmetic/Convergence/CDArithmeticCompatibility.lean	75	CNNA.PillarA.Arithmetic.Convergence.ImaginaryQuadraticDiscriminantWitness.eisenstein	eisenstein	core-computational	9	CNNA.PillarA.Arithmetic.Notation							
7	compatibility; notation; consumer	declaration_consumption_records.generated.tsv							proof-bridge	declaration name carries proof/certificate/equality/witness role	blocked from public-final unless later linked to a documented object/API contract	CNNA.PillarA.Arithmetic.Convergence.CDArithmeticCompatibility	CNNA/PillarA/Arithmetic/Convergence/CDArithmeticCompatibility.lean	82	CNNA.PillarA.Arithmetic.Convergence.ImaginaryQuadraticDiscriminantWitness.discriminant_matches_norm	discriminant_matches_norm	core-computational	9	CNNA.PillarA.Arithmetic.Notation							
7	compatibility; notation; consumer	declaration_consumption_records.generated.tsv							core-computational	inherits module classification: Pillar-A internal module without policy/wrapper/phase/dead markers	blocked from public-final unless later linked to a documented object/API contract	CNNA.PillarA.Arithmetic.Convergence.CDArithmeticCompatibility	CNNA/PillarA/Arithmetic/Convergence/CDArithmeticCompatibility.lean	90	CNNA.PillarA.Arithmetic.Convergence.QuadraticOrderCDCompatibilitySurface	QuadraticOrderCDCompatibilitySurface	core-computational	9	CNNA.PillarA.Arithmetic.Notation							
7	compatibility; notation; consumer	declaration_consumption_records.generated.tsv							core-computational	inherits module classification: Pillar-A internal module without policy/wrapper/phase/dead markers	blocked from public-final unless later linked to a documented object/API contract	CNNA.PillarA.Arithmetic.Convergence.CDArithmeticCompatibility	CNNA/PillarA/Arithmetic/Convergence/CDArithmeticCompatibility.lean	153	CNNA.PillarA.Arithmetic.Convergence.QuadraticOrderCDCompatibilitySurface.fromImaginaryQuadratic	fromImaginaryQuadratic	core-computational	9	CNNA.PillarA.Arithmetic.Notation							
7	compatibility; notation; consumer	declaration_consumption_records.generated.tsv							core-computational	inherits module classification: Pillar-A internal module without policy/wrapper/phase/dead markers	blocked from public-final unless later linked to a documented object/API contract	CNNA.PillarA.Arithmetic.Convergence.CDArithmeticCompatibility	CNNA/PillarA/Arithmetic/Convergence/CDArithmeticCompatibility.lean	197	CNNA.PillarA.Arithmetic.Convergence.QuadraticOrderCDCompatibilitySurface.gaussian	gaussian	core-computational	9	CNNA.PillarA.Arithmetic.Notation							
7	compatibility; notation; consumer	declaration_consumption_records.generated.tsv							core-computational	inherits module classification: Pillar-A internal module without policy/wrapper/phase/dead markers	blocked from public-final unless later linked to a documented object/API contract	CNNA.PillarA.Arithmetic.Convergence.CDArithmeticCompatibility	CNNA/PillarA/Arithmetic/Convergence/CDArithmeticCompatibility.lean	243	CNNA.PillarA.Arithmetic.Convergence.QuadraticOrderCDCompatibilitySurface.eisenstein	eisenstein	core-computational	9	CNNA.PillarA.Arithmetic.Notation							
7	compatibility; notation; consumer	declaration_consumption_records.generated.tsv							proof-bridge	declaration name carries proof/certificate/equality/witness role	blocked from public-final unless later linked to a documented object/API contract	CNNA.PillarA.Arithmetic.Convergence.CDArithmeticCompatibility	CNNA/PillarA/Arithmetic/Convergence/CDArithmeticCompatibility.lean	305	CNNA.PillarA.Arithmetic.Convergence.QuadraticOrderCDCompatibilitySurface.no_order_cd_equality	no_order_cd_equality	core-computational	9	CNNA.PillarA.Arithmetic.Notation							
7	compatibility; notation; consumer	declaration_consumption_records.generated.tsv							core-computational	inherits module classification: Pillar-A internal module without policy/wrapper/phase/dead markers	blocked from public-final unless later linked to a documented object/API contract	CNNA.PillarA.Arithmetic.Convergence.CDArithmeticCompatibility	CNNA/PillarA/Arithmetic/Convergence/CDArithmeticCompatibility.lean	312	CNNA.PillarA.Arithmetic.Convergence.QuadraticOrderCDCompatibilitySurface.period_lattice_preparation_only	period_lattice_preparation_only	core-computational	9	CNNA.PillarA.Arithmetic.Notation							
7	compatibility; notation; consumer	declaration_consumption_records.generated.tsv							core-computational	inherits module classification: Pillar-A internal module without policy/wrapper/phase/dead markers	blocked from public-final unless later linked to a documented object/API contract	CNNA.PillarA.Arithmetic.Convergence.CDArithmeticCompatibility	CNNA/PillarA/Arithmetic/Convergence/CDArithmeticCompatibility.lean	319	CNNA.PillarA.Arithmetic.Convergence.QuadraticOrderCDCompatibilitySurface.no_downstream_shortcut	no_downstream_shortcut	core-computational	9	CNNA.PillarA.Arithmetic.Notation							
7	compatibility; notation; consumer	declaration_consumption_records.generated.tsv							core-computational	inherits module classification: Pillar-A internal module without policy/wrapper/phase/dead markers	blocked from public-final unless later linked to a documented object/API contract	CNNA.PillarA.Arithmetic.Convergence.CDArithmeticCompatibility	CNNA/PillarA/Arithmetic/Convergence/CDArithmeticCompatibility.lean	326	CNNA.PillarA.Arithmetic.Convergence.QuadraticOrderCDCompatibilitySurface.cd_no_identification	cd_no_identification	core-computational	9	CNNA.PillarA.Arithmetic.Notation							
7	compatibility; notation; consumer	declaration_consumption_records.generated.tsv							core-computational	inherits module classification: Pillar-A internal module without policy/wrapper/phase/dead markers	blocked from public-final unless later linked to a documented object/API contract	CNNA.PillarA.Arithmetic.Convergence.CDArithmeticCompatibility	CNNA/PillarA/Arithmetic/Convergence/CDArithmeticCompatibility.lean	333	CNNA.PillarA.Arithmetic.Convergence.QuadraticOrderCDCompatibilitySurface.gaussian_classification	gaussian_classification	core-computational	9	CNNA.PillarA.Arithmetic.Notation							
7	compatibility; notation; consumer	declaration_consumption_records.generated.tsv							core-computational	inherits module classification: Pillar-A internal module without policy/wrapper/phase/dead markers	blocked from public-final unless later linked to a documented object/API contract	CNNA.PillarA.Arithmetic.Convergence.CDArithmeticCompatibility	CNNA/PillarA/Arithmetic/Convergence/CDArithmeticCompatibility.lean	339	CNNA.PillarA.Arithmetic.Convergence.QuadraticOrderCDCompatibilitySurface.eisenstein_classification	eisenstein_classification	core-computational	9	CNNA.PillarA.Arithmetic.Notation							
7	compatibility; notation; consumer	declaration_consumption_records.generated.tsv							dead-candidate	declaration name marks a blocked/negative/obstruction route	blocked from public-final unless later linked to a documented object/API contract	CNNA.PillarA.Arithmetic.Convergence.CDArithmeticCompatibility	CNNA/PillarA/Arithmetic/Convergence/CDArithmeticCompatibility.lean	345	CNNA.PillarA.Arithmetic.Convergence.QuadraticOrderCDCompatibilitySurface.gaussian_discriminant_is_negative_four	gaussian_discriminant_is_negative_four	core-computational	9	CNNA.PillarA.Arithmetic.Notation							
7	compatibility; notation; consumer	declaration_consumption_records.generated.tsv							dead-candidate	declaration name marks a blocked/negative/obstruction route	blocked from public-final unless later linked to a documented object/API contract	CNNA.PillarA.Arithmetic.Convergence.CDArithmeticCompatibility	CNNA/PillarA/Arithmetic/Convergence/CDArithmeticCompatibility.lean	350	CNNA.PillarA.Arithmetic.Convergence.QuadraticOrderCDCompatibilitySurface.eisenstein_discriminant_is_negative_three	eisenstein_discriminant_is_negative_three	core-computational	9	CNNA.PillarA.Arithmetic.Notation							
7	compatibility; notation; consumer	declaration_consumption_records.generated.tsv							dead-candidate	declaration name marks a blocked/negative/obstruction route	blocked from public-final unless later linked to a documented object/API contract	CNNA.PillarA.Arithmetic.Convergence.CDArithmeticCompatibility	CNNA/PillarA/Arithmetic/Convergence/CDArithmeticCompatibility.lean	357	CNNA.PillarA.Arithmetic.Convergence.NonQuadraticCDComplexObstruction	NonQuadraticCDComplexObstruction	core-computational	9	CNNA.PillarA.Arithmetic.Notation							
7	compatibility; notation; consumer	declaration_consumption_records.generated.tsv							dead-candidate	declaration name marks a blocked/negative/obstruction route	blocked from public-final unless later linked to a documented object/API contract	CNNA.PillarA.Arithmetic.Convergence.CDArithmeticCompatibility	CNNA/PillarA/Arithmetic/Convergence/CDArithmeticCompatibility.lean	395	CNNA.PillarA.Arithmetic.Convergence.NonQuadraticCDComplexObstruction.fromBlock	fromBlock	core-computational	9	CNNA.PillarA.Arithmetic.Notation							
7	compatibility; notation; consumer	declaration_consumption_records.generated.tsv							dead-candidate	declaration name marks a blocked/negative/obstruction route	blocked from public-final unless later linked to a documented object/API contract	CNNA.PillarA.Arithmetic.Convergence.CDArithmeticCompatibility	CNNA/PillarA/Arithmetic/Convergence/CDArithmeticCompatibility.lean	424	CNNA.PillarA.Arithmetic.Convergence.NonQuadraticCDComplexObstruction.fromAR11Certificate	fromAR11Certificate	core-computational	9	CNNA.PillarA.Arithmetic.Notation							
7	compatibility; notation; consumer	declaration_consumption_records.generated.tsv							dead-candidate	declaration name marks a blocked/negative/obstruction route	blocked from public-final unless later linked to a documented object/API contract	CNNA.PillarA.Arithmetic.Convergence.CDArithmeticCompatibility	CNNA/PillarA/Arithmetic/Convergence/CDArithmeticCompatibility.lean	443	CNNA.PillarA.Arithmetic.Convergence.NonQuadraticCDComplexObstruction.classification_obstruction	classification_obstruction	core-computational	9	CNNA.PillarA.Arithmetic.Notation							
7	compatibility; notation; consumer	declaration_consumption_records.generated.tsv							dead-candidate	declaration name marks a blocked/negative/obstruction route	blocked from public-final unless later linked to a documented object/API contract	CNNA.PillarA.Arithmetic.Convergence.CDArithmeticCompatibility	CNNA/PillarA/Arithmetic/Convergence/CDArithmeticCompatibility.lean	449	CNNA.PillarA.Arithmetic.Convergence.NonQuadraticCDComplexObstruction.forwarding_blocked	forwarding_blocked	core-computational	9	CNNA.PillarA.Arithmetic.Notation							
7	compatibility; notation; consumer	declaration_consumption_records.generated.tsv							dead-candidate	declaration name marks a blocked/negative/obstruction route	blocked from public-final unless later linked to a documented object/API contract	CNNA.PillarA.Arithmetic.Convergence.CDArithmeticCompatibility	CNNA/PillarA/Arithmetic/Convergence/CDArithmeticCompatibility.lean	454	CNNA.PillarA.Arithmetic.Convergence.NonQuadraticCDComplexObstruction.period_lattice_blocked	period_lattice_blocked	core-computational	9	CNNA.PillarA.Arithmetic.Notation							
7	compatibility; notation; consumer	declaration_consumption_records.generated.tsv							dead-candidate	declaration name marks a blocked/negative/obstruction route	blocked from public-final unless later linked to a documented object/API contract	CNNA.PillarA.Arithmetic.Convergence.CDArithmeticCompatibility	CNNA/PillarA/Arithmetic/Convergence/CDArithmeticCompatibility.lean	459	CNNA.PillarA.Arithmetic.Convergence.NonQuadraticCDComplexObstruction.no_downstream_shortcut	no_downstream_shortcut	core-computational	9	CNNA.PillarA.Arithmetic.Notation							
7	compatibility; notation; consumer	declaration_consumption_records.generated.tsv							core-computational	inherits module classification: Pillar-A internal module without policy/wrapper/phase/dead markers	blocked from public-final unless later linked to a documented object/API contract	CNNA.PillarA.Arithmetic.Convergence.CDArithmeticCompatibility	CNNA/PillarA/Arithmetic/Convergence/CDArithmeticCompatibility.lean	467	CNNA.PillarA.Arithmetic.Convergence.CDArithmeticCompatibility	CDArithmeticCompatibility	core-computational	9	CNNA.PillarA.Arithmetic.Notation							
7	compatibility; notation; consumer	declaration_consumption_records.generated.tsv							core-computational	inherits module classification: Pillar-A internal module without policy/wrapper/phase/dead markers	blocked from public-final unless later linked to a documented object/API contract	CNNA.PillarA.Arithmetic.Convergence.CDArithmeticCompatibility	CNNA/PillarA/Arithmetic/Convergence/CDArithmeticCompatibility.lean	498	CNNA.PillarA.Arithmetic.Convergence.CDArithmeticCompatibility.fromQuadraticSurface	fromQuadraticSurface	core-computational	9	CNNA.PillarA.Arithmetic.Notation							
7	compatibility; notation; consumer	declaration_consumption_records.generated.tsv							dead-candidate	declaration name marks a blocked/negative/obstruction route	blocked from public-final unless later linked to a documented object/API contract	CNNA.PillarA.Arithmetic.Convergence.CDArithmeticCompatibility	CNNA/PillarA/Arithmetic/Convergence/CDArithmeticCompatibility.lean	517	CNNA.PillarA.Arithmetic.Convergence.CDArithmeticCompatibility.fromNonQuadraticObstruction	fromNonQuadraticObstruction	core-computational	9	CNNA.PillarA.Arithmetic.Notation							
7	compatibility; notation; consumer	declaration_consumption_records.generated.tsv							core-computational	inherits module classification: Pillar-A internal module without policy/wrapper/phase/dead markers	blocked from public-final unless later linked to a documented object/API contract	CNNA.PillarA.Arithmetic.Convergence.CDArithmeticCompatibility	CNNA/PillarA/Arithmetic/Convergence/CDArithmeticCompatibility.lean	537	CNNA.PillarA.Arithmetic.Convergence.CDArithmeticCompatibility.gaussian	gaussian	core-computational	9	CNNA.PillarA.Arithmetic.Notation							
7	compatibility; notation; consumer	declaration_consumption_records.generated.tsv							core-computational	inherits module classification: Pillar-A internal module without policy/wrapper/phase/dead markers	blocked from public-final unless later linked to a documented object/API contract	CNNA.PillarA.Arithmetic.Convergence.CDArithmeticCompatibility	CNNA/PillarA/Arithmetic/Convergence/CDArithmeticCompatibility.lean	542	CNNA.PillarA.Arithmetic.Convergence.CDArithmeticCompatibility.eisenstein	eisenstein	core-computational	9	CNNA.PillarA.Arithmetic.Notation							
7	compatibility; notation; consumer	declaration_consumption_records.generated.tsv							core-computational	inherits module classification: Pillar-A internal module without policy/wrapper/phase/dead markers	blocked from public-final unless later linked to a documented object/API contract	CNNA.PillarA.Arithmetic.Convergence.CDArithmeticCompatibility	CNNA/PillarA/Arithmetic/Convergence/CDArithmeticCompatibility.lean	547	CNNA.PillarA.Arithmetic.Convergence.CDArithmeticCompatibility.nonQuadratic	nonQuadratic	core-computational	9	CNNA.PillarA.Arithmetic.Notation							
7	compatibility; notation; consumer	declaration_consumption_records.generated.tsv							proof-bridge	declaration name carries proof/certificate/equality/witness role	blocked from public-final unless later linked to a documented object/API contract	CNNA.PillarA.Arithmetic.Convergence.CDArithmeticCompatibility	CNNA/PillarA/Arithmetic/Convergence/CDArithmeticCompatibility.lean	553	CNNA.PillarA.Arithmetic.Convergence.CDArithmeticCompatibility.no_order_cd_equality	no_order_cd_equality	core-computational	9	CNNA.PillarA.Arithmetic.Notation							
7	compatibility; notation; consumer	declaration_consumption_records.generated.tsv							core-computational	inherits module classification: Pillar-A internal module without policy/wrapper/phase/dead markers	blocked from public-final unless later linked to a documented object/API contract	CNNA.PillarA.Arithmetic.Convergence.CDArithmeticCompatibility	CNNA/PillarA/Arithmetic/Convergence/CDArithmeticCompatibility.lean	559	CNNA.PillarA.Arithmetic.Convergence.CDArithmeticCompatibility.no_downstream_shortcut	no_downstream_shortcut	core-computational	9	CNNA.PillarA.Arithmetic.Notation							
7	compatibility; notation; consumer	declaration_consumption_records.generated.tsv							core-computational	inherits module classification: Pillar-A internal module without policy/wrapper/phase/dead markers	blocked from public-final unless later linked to a documented object/API contract	CNNA.PillarA.Arithmetic.Convergence.CDArithmeticCompatibility	CNNA/PillarA/Arithmetic/Convergence/CDArithmeticCompatibility.lean	565	CNNA.PillarA.Arithmetic.Convergence.CDArithmeticCompatibility.derived_only	derived_only	core-computational	9	CNNA.PillarA.Arithmetic.Notation							
7	compatibility; notation; consumer	declaration_consumption_records.generated.tsv							core-computational	inherits module classification: Pillar-A internal module without policy/wrapper/phase/dead markers	blocked from public-final unless later linked to a documented object/API contract	CNNA.PillarA.Arithmetic.Convergence.CDArithmeticCompatibility	CNNA/PillarA/Arithmetic/Convergence/CDArithmeticCompatibility.lean	570	CNNA.PillarA.Arithmetic.Convergence.CDArithmeticCompatibility.gaussian_classification	gaussian_classification	core-computational	9	CNNA.PillarA.Arithmetic.Notation							
7	compatibility; notation; consumer	declaration_consumption_records.generated.tsv							core-computational	inherits module classification: Pillar-A internal module without policy/wrapper/phase/dead markers	blocked from public-final unless later linked to a documented object/API contract	CNNA.PillarA.Arithmetic.Convergence.CDArithmeticCompatibility	CNNA/PillarA/Arithmetic/Convergence/CDArithmeticCompatibility.lean	576	CNNA.PillarA.Arithmetic.Convergence.CDArithmeticCompatibility.eisenstein_classification	eisenstein_classification	core-computational	9	CNNA.PillarA.Arithmetic.Notation							
7	compatibility; notation; consumer	declaration_consumption_records.generated.tsv							core-computational	inherits module classification: Pillar-A internal module without policy/wrapper/phase/dead markers	blocked from public-final unless later linked to a documented object/API contract	CNNA.PillarA.Arithmetic.Convergence.CDArithmeticCompatibility	CNNA/PillarA/Arithmetic/Convergence/CDArithmeticCompatibility.lean	582	CNNA.PillarA.Arithmetic.Convergence.CDArithmeticCompatibility.nonQuadratic_classification	nonQuadratic_classification	core-computational	9	CNNA.PillarA.Arithmetic.Notation							
7	compatibility; notation; consumer	declaration_consumption_records.generated.tsv							core-computational	inherits module classification: Pillar-A internal module without policy/wrapper/phase/dead markers	blocked from public-final unless later linked to a documented object/API contract	CNNA.PillarA.Arithmetic.Convergence.CDArithmeticCompatibility	CNNA/PillarA/Arithmetic/Convergence/CDArithmeticCompatibility.lean	595	CNNA.PillarA.Arithmetic.StrengtheningAR12a.AR12aDiscriminantAlgebraClassification	AR12aDiscriminantAlgebraClassification	core-computational	9	CNNA.PillarA.Arithmetic.Notation							
7	compatibility; notation; consumer	declaration_consumption_records.generated.tsv							core-computational	inherits module classification: Pillar-A internal module without policy/wrapper/phase/dead markers	blocked from public-final unless later linked to a documented object/API contract	CNNA.PillarA.Arithmetic.Convergence.CDArithmeticCompatibility	CNNA/PillarA/Arithmetic/Convergence/CDArithmeticCompatibility.lean	597	CNNA.PillarA.Arithmetic.StrengtheningAR12a.AR12aQuadraticOrderCDEqualityStatus	AR12aQuadraticOrderCDEqualityStatus	core-computational	9	CNNA.PillarA.Arithmetic.Notation							
7	compatibility; notation; consumer	declaration_consumption_records.generated.tsv							core-computational	inherits module classification: Pillar-A internal module without policy/wrapper/phase/dead markers	blocked from public-final unless later linked to a documented object/API contract	CNNA.PillarA.Arithmetic.Convergence.CDArithmeticCompatibility	CNNA/PillarA/Arithmetic/Convergence/CDArithmeticCompatibility.lean	599	CNNA.PillarA.Arithmetic.StrengtheningAR12a.AR12aPeriodLatticePreparationStatus	AR12aPeriodLatticePreparationStatus	core-computational	9	CNNA.PillarA.Arithmetic.Notation							
7	compatibility; notation; consumer	declaration_consumption_records.generated.tsv							core-computational	inherits module classification: Pillar-A internal module without policy/wrapper/phase/dead markers	blocked from public-final unless later linked to a documented object/API contract	CNNA.PillarA.Arithmetic.Convergence.CDArithmeticCompatibility	CNNA/PillarA/Arithmetic/Convergence/CDArithmeticCompatibility.lean	601	CNNA.PillarA.Arithmetic.StrengtheningAR12a.AR12aDownstreamDisciplineStatus	AR12aDownstreamDisciplineStatus	core-computational	9	CNNA.PillarA.Arithmetic.Notation							
7	compatibility; notation; consumer	declaration_consumption_records.generated.tsv							proof-bridge	declaration name carries proof/certificate/equality/witness role	blocked from public-final unless later linked to a documented object/API contract	CNNA.PillarA.Arithmetic.Convergence.CDArithmeticCompatibility	CNNA/PillarA/Arithmetic/Convergence/CDArithmeticCompatibility.lean	603	CNNA.PillarA.Arithmetic.StrengtheningAR12a.AR12aImaginaryQuadraticDiscriminantWitness	AR12aImaginaryQuadraticDiscriminantWitness	core-computational	9	CNNA.PillarA.Arithmetic.Notation							
7	compatibility; notation; consumer	declaration_consumption_records.generated.tsv							core-computational	inherits module classification: Pillar-A internal module without policy/wrapper/phase/dead markers	blocked from public-final unless later linked to a documented object/API contract	CNNA.PillarA.Arithmetic.Convergence.CDArithmeticCompatibility	CNNA/PillarA/Arithmetic/Convergence/CDArithmeticCompatibility.lean	605	CNNA.PillarA.Arithmetic.StrengtheningAR12a.AR12aQuadraticOrderCDCompatibilitySurface	AR12aQuadraticOrderCDCompatibilitySurface	core-computational	9	CNNA.PillarA.Arithmetic.Notation							
7	compatibility; notation; consumer	declaration_consumption_records.generated.tsv							dead-candidate	declaration name marks a blocked/negative/obstruction route	blocked from public-final unless later linked to a documented object/API contract	CNNA.PillarA.Arithmetic.Convergence.CDArithmeticCompatibility	CNNA/PillarA/Arithmetic/Convergence/CDArithmeticCompatibility.lean	614	CNNA.PillarA.Arithmetic.StrengtheningAR12a.AR12aNonQuadraticCDComplexObstruction	AR12aNonQuadraticCDComplexObstruction	core-computational	9	CNNA.PillarA.Arithmetic.Notation							
7	compatibility; notation; consumer	declaration_consumption_records.generated.tsv							core-computational	inherits module classification: Pillar-A internal module without policy/wrapper/phase/dead markers	blocked from public-final unless later linked to a documented object/API contract	CNNA.PillarA.Arithmetic.Convergence.CDArithmeticCompatibility	CNNA/PillarA/Arithmetic/Convergence/CDArithmeticCompatibility.lean	622	CNNA.PillarA.Arithmetic.StrengtheningAR12a.AR12aCDArithmeticCompatibility	AR12aCDArithmeticCompatibility	core-computational	9	CNNA.PillarA.Arithmetic.Notation							
7	compatibility; notation; consumer	declaration_consumption_records.generated.tsv							core-computational	inherits module classification: Pillar-A internal module without policy/wrapper/phase/dead markers	blocked from public-final unless later linked to a documented object/API contract	CNNA.PillarA.Arithmetic.Convergence.CDArithmeticCompatibility	CNNA/PillarA/Arithmetic/Convergence/CDArithmeticCompatibility.lean	631	CNNA.PillarA.Arithmetic.StrengtheningAR12a.AR12aGaussianCompatibilityFromBridge	AR12aGaussianCompatibilityFromBridge	core-computational	9	CNNA.PillarA.Arithmetic.Notation							
7	compatibility; notation; consumer	declaration_consumption_records.generated.tsv							core-computational	inherits module classification: Pillar-A internal module without policy/wrapper/phase/dead markers	blocked from public-final unless later linked to a documented object/API contract	CNNA.PillarA.Arithmetic.Convergence.CDArithmeticCompatibility	CNNA/PillarA/Arithmetic/Convergence/CDArithmeticCompatibility.lean	640	CNNA.PillarA.Arithmetic.StrengtheningAR12a.AR12aEisensteinCompatibilityFromBridge	AR12aEisensteinCompatibilityFromBridge	core-computational	9	CNNA.PillarA.Arithmetic.Notation							
7	compatibility; notation; consumer	declaration_consumption_records.generated.tsv							dead-candidate	declaration name marks a blocked/negative/obstruction route	blocked from public-final unless later linked to a documented object/API contract	CNNA.PillarA.Arithmetic.Convergence.CDArithmeticCompatibility	CNNA/PillarA/Arithmetic/Convergence/CDArithmeticCompatibility.lean	649	CNNA.PillarA.Arithmetic.StrengtheningAR12a.AR12aNonQuadraticObstructionFromBridge	AR12aNonQuadraticObstructionFromBridge	core-computational	9	CNNA.PillarA.Arithmetic.Notation							
7	compatibility; notation; consumer	declaration_consumption_records.generated.tsv							core-computational	inherits module classification: Pillar-A internal module without policy/wrapper/phase/dead markers	blocked from public-final unless later linked to a documented object/API contract	CNNA.PillarA.Arithmetic.Convergence.CDArithmeticCompatibility	CNNA/PillarA/Arithmetic/Convergence/CDArithmeticCompatibility.lean	659	CNNA.PillarA.Arithmetic.StrengtheningAR12a.AR12aCompatibility_no_downstream_shortcut	AR12aCompatibility_no_downstream_shortcut	core-computational	9	CNNA.PillarA.Arithmetic.Notation							
7	compatibility; notation; consumer	declaration_consumption_records.generated.tsv							core-computational	inherits module classification: Pillar-A internal module without policy/wrapper/phase/dead markers	blocked from public-final unless later linked to a documented object/API contract	CNNA.PillarA.Arithmetic.Convergence.CDArithmeticCompatibility	CNNA/PillarA/Arithmetic/Convergence/CDArithmeticCompatibility.lean	669	CNNA.PillarA.Arithmetic.StrengtheningAR12a.AR12aCompatibility_no_cd_identification	AR12aCompatibility_no_cd_identification	core-computational	9	CNNA.PillarA.Arithmetic.Notation							
7	compatibility; notation; consumer	declaration_consumption_records.generated.tsv							legacy-policy	inherits module classification: notation/control module; public syntax surface, not a mathematical generator	blocked from public-final unless later linked to a documented object/API contract	CNNA.PillarA.Arithmetic.Notation	CNNA/PillarA/Arithmetic/Notation.lean	1247	CNNA.PillarA.Arithmetic.StrengtheningAR12aNotation.AR12aCDArithmeticCompatibility	AR12aCDArithmeticCompatibility	legacy-policy	0								
7	compatibility; notation; consumer	declaration_consumption_records.generated.tsv							legacy-policy	inherits module classification: notation/control module; public syntax surface, not a mathematical generator	blocked from public-final unless later linked to a documented object/API contract	CNNA.PillarA.Arithmetic.Notation	CNNA/PillarA/Arithmetic/Notation.lean	1255	CNNA.PillarA.Arithmetic.StrengtheningAR12aNotation.AR12aQuadraticOrderCDCompatibilitySurface	AR12aQuadraticOrderCDCompatibilitySurface	legacy-policy	0								
7	compatibility; notation; consumer	declaration_consumption_records.generated.tsv							legacy-policy	inherits module classification: notation/control module; public syntax surface, not a mathematical generator	blocked from public-final unless later linked to a documented object/API contract	CNNA.PillarA.Arithmetic.Notation	CNNA/PillarA/Arithmetic/Notation.lean	1273	CNNA.PillarA.Arithmetic.StrengtheningAR12aNotation.AR12aGaussianCompatibilityFromBridge	AR12aGaussianCompatibilityFromBridge	legacy-policy	0								
7	compatibility; notation; consumer	declaration_consumption_records.generated.tsv							legacy-policy	inherits module classification: notation/control module; public syntax surface, not a mathematical generator	blocked from public-final unless later linked to a documented object/API contract	CNNA.PillarA.Arithmetic.Notation	CNNA/PillarA/Arithmetic/Notation.lean	1282	CNNA.PillarA.Arithmetic.StrengtheningAR12aNotation.AR12aEisensteinCompatibilityFromBridge	AR12aEisensteinCompatibilityFromBridge	legacy-policy	0								
7	compatibility; notation; consumer	declaration_consumption_records.generated.tsv							legacy-policy	inherits module classification: notation/control module; public syntax surface, not a mathematical generator	blocked from public-final unless later linked to a documented object/API contract	CNNA.PillarA.Arithmetic.Notation	CNNA/PillarA/Arithmetic/Notation.lean	1301	CNNA.PillarA.Arithmetic.StrengtheningAR12aNotation.AR12aCompatibility_no_downstream_shortcut	AR12aCompatibility_no_downstream_shortcut	legacy-policy	0								
7	compatibility; notation; consumer	declaration_consumption_records.generated.tsv							legacy-policy	inherits module classification: notation/control module; public syntax surface, not a mathematical generator	blocked from public-final unless later linked to a documented object/API contract	CNNA.PillarA.Arithmetic.Notation	CNNA/PillarA/Arithmetic/Notation.lean	1311	CNNA.PillarA.Arithmetic.StrengtheningAR12aNotation.AR12aCompatibility_no_cd_identification	AR12aCompatibility_no_cd_identification	legacy-policy	0								
7	compatibility; notation; consumer	declaration_consumption_records.generated.tsv							core-computational	inherits module classification: Pillar-A internal module without policy/wrapper/phase/dead markers	blocked from public-final unless later linked to a documented object/API contract	CNNA.PillarA.Arithmetic.Orders.NormForms	CNNA/PillarA/Arithmetic/Orders/NormForms.lean	12	CNNA.PillarA.Arithmetic.Orders.BinaryQuadraticNormForm	BinaryQuadraticNormForm	core-computational	40	CNNA.PillarA.Arithmetic.Convergence.CDArithmeticCompatibility; CNNA.PillarA.Arithmetic.Notation							
7	compatibility; notation; consumer	declaration_consumption_records.generated.tsv							core-computational	inherits module classification: Pillar-A internal module without policy/wrapper/phase/dead markers	blocked from public-final unless later linked to a documented object/API contract	CNNA.PillarA.Arithmetic.Orders.NormForms	CNNA/PillarA/Arithmetic/Orders/NormForms.lean	20	CNNA.PillarA.Arithmetic.Orders.BinaryQuadraticNormForm.eval	eval	core-computational	40	CNNA.PillarA.Arithmetic.Convergence.CDArithmeticCompatibility; CNNA.PillarA.Arithmetic.Notation							
7	compatibility; notation; consumer	declaration_consumption_records.generated.tsv							core-computational	inherits module classification: Pillar-A internal module without policy/wrapper/phase/dead markers	blocked from public-final unless later linked to a documented object/API contract	CNNA.PillarA.Arithmetic.Orders.NormForms	CNNA/PillarA/Arithmetic/Orders/NormForms.lean	23	CNNA.PillarA.Arithmetic.Orders.BinaryQuadraticNormForm.discriminant	discriminant	core-computational	40	CNNA.PillarA.Arithmetic.Convergence.CDArithmeticCompatibility; CNNA.PillarA.Arithmetic.Notation							
7	compatibility; notation; consumer	declaration_consumption_records.generated.tsv							core-computational	inherits module classification: Pillar-A internal module without policy/wrapper/phase/dead markers	blocked from public-final unless later linked to a documented object/API contract	CNNA.PillarA.Arithmetic.Orders.NormForms	CNNA/PillarA/Arithmetic/Orders/NormForms.lean	26	CNNA.PillarA.Arithmetic.Orders.BinaryQuadraticNormForm.gaussian	gaussian	core-computational	40	CNNA.PillarA.Arithmetic.Convergence.CDArithmeticCompatibility; CNNA.PillarA.Arithmetic.Notation							
7	compatibility; notation; consumer	declaration_consumption_records.generated.tsv							core-computational	inherits module classification: Pillar-A internal module without policy/wrapper/phase/dead markers	blocked from public-final unless later linked to a documented object/API contract	CNNA.PillarA.Arithmetic.Orders.NormForms	CNNA/PillarA/Arithmetic/Orders/NormForms.lean	31	CNNA.PillarA.Arithmetic.Orders.BinaryQuadraticNormForm.eisenstein	eisenstein	core-computational	40	CNNA.PillarA.Arithmetic.Convergence.CDArithmeticCompatibility; CNNA.PillarA.Arithmetic.Notation							
7	compatibility; notation; consumer	declaration_consumption_records.generated.tsv							core-computational	inherits module classification: Pillar-A internal module without policy/wrapper/phase/dead markers	blocked from public-final unless later linked to a documented object/API contract	CNNA.PillarA.Arithmetic.Orders.NormForms	CNNA/PillarA/Arithmetic/Orders/NormForms.lean	36	CNNA.PillarA.Arithmetic.Orders.BinaryQuadraticNormForm.gaussian_eval	gaussian_eval	core-computational	40	CNNA.PillarA.Arithmetic.Convergence.CDArithmeticCompatibility; CNNA.PillarA.Arithmetic.Notation							
7	compatibility; notation; consumer	declaration_consumption_records.generated.tsv							core-computational	inherits module classification: Pillar-A internal module without policy/wrapper/phase/dead markers	blocked from public-final unless later linked to a documented object/API contract	CNNA.PillarA.Arithmetic.Orders.NormForms	CNNA/PillarA/Arithmetic/Orders/NormForms.lean	41	CNNA.PillarA.Arithmetic.Orders.BinaryQuadraticNormForm.eisenstein_eval	eisenstein_eval	core-computational	40	CNNA.PillarA.Arithmetic.Convergence.CDArithmeticCompatibility; CNNA.PillarA.Arithmetic.Notation							
7	compatibility; notation; consumer	declaration_consumption_records.generated.tsv							core-computational	inherits module classification: Pillar-A internal module without policy/wrapper/phase/dead markers	blocked from public-final unless later linked to a documented object/API contract	CNNA.PillarA.Arithmetic.Orders.NormForms	CNNA/PillarA/Arithmetic/Orders/NormForms.lean	46	CNNA.PillarA.Arithmetic.Orders.BinaryQuadraticNormForm.gaussian_discriminant	gaussian_discriminant	core-computational	40	CNNA.PillarA.Arithmetic.Convergence.CDArithmeticCompatibility; CNNA.PillarA.Arithmetic.Notation							
7	compatibility; notation; consumer	declaration_consumption_records.generated.tsv							core-computational	inherits module classification: Pillar-A internal module without policy/wrapper/phase/dead markers	blocked from public-final unless later linked to a documented object/API contract	CNNA.PillarA.Arithmetic.Orders.NormForms	CNNA/PillarA/Arithmetic/Orders/NormForms.lean	51	CNNA.PillarA.Arithmetic.Orders.BinaryQuadraticNormForm.eisenstein_discriminant	eisenstein_discriminant	core-computational	40	CNNA.PillarA.Arithmetic.Convergence.CDArithmeticCompatibility; CNNA.PillarA.Arithmetic.Notation							
7	compatibility; notation; consumer	declaration_consumption_records.generated.tsv							core-computational	inherits module classification: Pillar-A internal module without policy/wrapper/phase/dead markers	blocked from public-final unless later linked to a documented object/API contract	CNNA.PillarA.Arithmetic.Orders.NormForms	CNNA/PillarA/Arithmetic/Orders/NormForms.lean	58	CNNA.PillarA.Arithmetic.Orders.QuadraticNormFormStatus	QuadraticNormFormStatus	core-computational	40	CNNA.PillarA.Arithmetic.Convergence.CDArithmeticCompatibility; CNNA.PillarA.Arithmetic.Notation							
7	compatibility; notation; consumer	declaration_consumption_records.generated.tsv							core-computational	inherits module classification: Pillar-A internal module without policy/wrapper/phase/dead markers	blocked from public-final unless later linked to a documented object/API contract	CNNA.PillarA.Arithmetic.Orders.NormForms	CNNA/PillarA/Arithmetic/Orders/NormForms.lean	62	CNNA.PillarA.Arithmetic.Orders.UnitConventionStatus	UnitConventionStatus	core-computational	40	CNNA.PillarA.Arithmetic.Convergence.CDArithmeticCompatibility; CNNA.PillarA.Arithmetic.Notation							
7	compatibility; notation; consumer	declaration_consumption_records.generated.tsv							proof-bridge	declaration name carries proof/certificate/equality/witness role	blocked from public-final unless later linked to a documented object/API contract	CNNA.PillarA.Arithmetic.Orders.NormForms	CNNA/PillarA/Arithmetic/Orders/NormForms.lean	66	CNNA.PillarA.Arithmetic.Orders.QuadraticNormFormCertificate	QuadraticNormFormCertificate	core-computational	40	CNNA.PillarA.Arithmetic.Convergence.CDArithmeticCompatibility; CNNA.PillarA.Arithmetic.Notation							
7	compatibility; notation; consumer	declaration_consumption_records.generated.tsv							proof-bridge	declaration name carries proof/certificate/equality/witness role	blocked from public-final unless later linked to a documented object/API contract	CNNA.PillarA.Arithmetic.Orders.NormForms	CNNA/PillarA/Arithmetic/Orders/NormForms.lean	87	CNNA.PillarA.Arithmetic.Orders.QuadraticNormFormCertificate.gaussian	gaussian	core-computational	40	CNNA.PillarA.Arithmetic.Convergence.CDArithmeticCompatibility; CNNA.PillarA.Arithmetic.Notation							
7	compatibility; notation; consumer	declaration_consumption_records.generated.tsv							proof-bridge	declaration name carries proof/certificate/equality/witness role	blocked from public-final unless later linked to a documented object/API contract	CNNA.PillarA.Arithmetic.Orders.NormForms	CNNA/PillarA/Arithmetic/Orders/NormForms.lean	107	CNNA.PillarA.Arithmetic.Orders.QuadraticNormFormCertificate.eisenstein	eisenstein	core-computational	40	CNNA.PillarA.Arithmetic.Convergence.CDArithmeticCompatibility; CNNA.PillarA.Arithmetic.Notation							
7	compatibility; notation; consumer	declaration_consumption_records.generated.tsv							proof-bridge	declaration name carries proof/certificate/equality/witness role	blocked from public-final unless later linked to a documented object/API contract	CNNA.PillarA.Arithmetic.Orders.NormForms	CNNA/PillarA/Arithmetic/Orders/NormForms.lean	127	CNNA.PillarA.Arithmetic.Orders.QuadraticNormFormCertificate.norm_form_certified	norm_form_certified	core-computational	40	CNNA.PillarA.Arithmetic.Convergence.CDArithmeticCompatibility; CNNA.PillarA.Arithmetic.Notation							
7	compatibility; notation; consumer	declaration_consumption_records.generated.tsv							proof-bridge	declaration name carries proof/certificate/equality/witness role	blocked from public-final unless later linked to a documented object/API contract	CNNA.PillarA.Arithmetic.Orders.NormForms	CNNA/PillarA/Arithmetic/Orders/NormForms.lean	131	CNNA.PillarA.Arithmetic.Orders.QuadraticNormFormCertificate.unit_claims_restricted	unit_claims_restricted	core-computational	40	CNNA.PillarA.Arithmetic.Convergence.CDArithmeticCompatibility; CNNA.PillarA.Arithmetic.Notation							
7	compatibility; notation; consumer	declaration_consumption_records.generated.tsv							proof-bridge	declaration name carries proof/certificate/equality/witness role	blocked from public-final unless later linked to a documented object/API contract	CNNA.PillarA.Arithmetic.Orders.NormForms	CNNA/PillarA/Arithmetic/Orders/NormForms.lean	135	CNNA.PillarA.Arithmetic.Orders.QuadraticNormFormCertificate.no_irreducible_prime_shortcut	no_irreducible_prime_shortcut	core-computational	40	CNNA.PillarA.Arithmetic.Convergence.CDArithmeticCompatibility; CNNA.PillarA.Arithmetic.Notation							
7	compatibility; notation; consumer	declaration_consumption_records.generated.tsv							proof-bridge	declaration name carries proof/certificate/equality/witness role	blocked from public-final unless later linked to a documented object/API contract	CNNA.PillarA.Arithmetic.Orders.NormForms	CNNA/PillarA/Arithmetic/Orders/NormForms.lean	140	CNNA.PillarA.Arithmetic.Orders.QuadraticNormFormCertificate.schur_to_fundamental_bridge	schur_to_fundamental_bridge	core-computational	40	CNNA.PillarA.Arithmetic.Convergence.CDArithmeticCompatibility; CNNA.PillarA.Arithmetic.Notation							
7	compatibility; notation; consumer	declaration_consumption_records.generated.tsv							proof-bridge	declaration name carries proof/certificate/equality/witness role	blocked from public-final unless later linked to a documented object/API contract	CNNA.PillarA.Arithmetic.Orders.NormForms	CNNA/PillarA/Arithmetic/Orders/NormForms.lean	145	CNNA.PillarA.Arithmetic.Orders.QuadraticNormFormCertificate.gaussian_norm_discriminant	gaussian_norm_discriminant	core-computational	40	CNNA.PillarA.Arithmetic.Convergence.CDArithmeticCompatibility; CNNA.PillarA.Arithmetic.Notation							
7	compatibility; notation; consumer	declaration_consumption_records.generated.tsv							proof-bridge	declaration name carries proof/certificate/equality/witness role	blocked from public-final unless later linked to a documented object/API contract	CNNA.PillarA.Arithmetic.Orders.NormForms	CNNA/PillarA/Arithmetic/Orders/NormForms.lean	149	CNNA.PillarA.Arithmetic.Orders.QuadraticNormFormCertificate.eisenstein_norm_discriminant	eisenstein_norm_discriminant	core-computational	40	CNNA.PillarA.Arithmetic.Convergence.CDArithmeticCompatibility; CNNA.PillarA.Arithmetic.Notation							
7	compatibility; notation; consumer	declaration_consumption_records.generated.tsv							proof-bridge	declaration name carries proof/certificate/equality/witness role	blocked from public-final unless later linked to a documented object/API contract	CNNA.PillarA.Arithmetic.Orders.NormForms	CNNA/PillarA/Arithmetic/Orders/NormForms.lean	155	CNNA.PillarA.Arithmetic.Orders.UnitNormWitness	UnitNormWitness	core-computational	40	CNNA.PillarA.Arithmetic.Convergence.CDArithmeticCompatibility; CNNA.PillarA.Arithmetic.Notation							
7	compatibility; notation; consumer	declaration_consumption_records.generated.tsv							proof-bridge	declaration name carries proof/certificate/equality/witness role	blocked from public-final unless later linked to a documented object/API contract	CNNA.PillarA.Arithmetic.Orders.NormForms	CNNA/PillarA/Arithmetic/Orders/NormForms.lean	166	CNNA.PillarA.Arithmetic.Orders.UnitNormWitness.unit_norm_condition	unit_norm_condition	core-computational	40	CNNA.PillarA.Arithmetic.Convergence.CDArithmeticCompatibility; CNNA.PillarA.Arithmetic.Notation							
7	compatibility; notation; consumer	declaration_consumption_records.generated.tsv							proof-bridge	declaration name carries proof/certificate/equality/witness role	blocked from public-final unless later linked to a documented object/API contract	CNNA.PillarA.Arithmetic.Orders.NormForms	CNNA/PillarA/Arithmetic/Orders/NormForms.lean	170	CNNA.PillarA.Arithmetic.Orders.UnitNormWitness.convention_restricted	convention_restricted	core-computational	40	CNNA.PillarA.Arithmetic.Convergence.CDArithmeticCompatibility; CNNA.PillarA.Arithmetic.Notation							
7	compatibility; notation; consumer	declaration_consumption_records.generated.tsv							core-computational	inherits module classification: Pillar-A internal module without policy/wrapper/phase/dead markers	blocked from public-final unless later linked to a documented object/API contract	CNNA.PillarA.Arithmetic.Orders.NormForms	CNNA/PillarA/Arithmetic/Orders/NormForms.lean	176	CNNA.PillarA.Arithmetic.Orders.AR12ForwardingStatus	AR12ForwardingStatus	core-computational	40	CNNA.PillarA.Arithmetic.Convergence.CDArithmeticCompatibility; CNNA.PillarA.Arithmetic.Notation							
7	compatibility; notation; consumer	declaration_consumption_records.generated.tsv							core-computational	inherits module classification: Pillar-A internal module without policy/wrapper/phase/dead markers	blocked from public-final unless later linked to a documented object/API contract	CNNA.PillarA.Arithmetic.Orders.NormForms	CNNA/PillarA/Arithmetic/Orders/NormForms.lean	181	CNNA.PillarA.Arithmetic.Orders.AR12QuadraticOrderOutput	AR12QuadraticOrderOutput	core-computational	40	CNNA.PillarA.Arithmetic.Convergence.CDArithmeticCompatibility; CNNA.PillarA.Arithmetic.Notation							
7	compatibility; notation; consumer	declaration_consumption_records.generated.tsv							core-computational	inherits module classification: Pillar-A internal module without policy/wrapper/phase/dead markers	blocked from public-final unless later linked to a documented object/API contract	CNNA.PillarA.Arithmetic.Orders.NormForms	CNNA/PillarA/Arithmetic/Orders/NormForms.lean	208	CNNA.PillarA.Arithmetic.Orders.AR12QuadraticOrderOutput.fromQuadraticHeegner	fromQuadraticHeegner	core-computational	40	CNNA.PillarA.Arithmetic.Convergence.CDArithmeticCompatibility; CNNA.PillarA.Arithmetic.Notation							
7	compatibility; notation; consumer	declaration_consumption_records.generated.tsv							core-computational	inherits module classification: Pillar-A internal module without policy/wrapper/phase/dead markers	blocked from public-final unless later linked to a documented object/API contract	CNNA.PillarA.Arithmetic.Orders.NormForms	CNNA/PillarA/Arithmetic/Orders/NormForms.lean	225	CNNA.PillarA.Arithmetic.Orders.AR12QuadraticOrderOutput.fromQuadraticNonHeegner	fromQuadraticNonHeegner	core-computational	40	CNNA.PillarA.Arithmetic.Convergence.CDArithmeticCompatibility; CNNA.PillarA.Arithmetic.Notation							
7	compatibility; notation; consumer	declaration_consumption_records.generated.tsv							core-computational	inherits module classification: Pillar-A internal module without policy/wrapper/phase/dead markers	blocked from public-final unless later linked to a documented object/API contract	CNNA.PillarA.Arithmetic.Orders.NormForms	CNNA/PillarA/Arithmetic/Orders/NormForms.lean	242	CNNA.PillarA.Arithmetic.Orders.AR12QuadraticOrderOutput.fromIrreducibleOrHigherDegree	fromIrreducibleOrHigherDegree	core-computational	40	CNNA.PillarA.Arithmetic.Convergence.CDArithmeticCompatibility; CNNA.PillarA.Arithmetic.Notation							
7	compatibility; notation; consumer	declaration_consumption_records.generated.tsv							proof-bridge	declaration name carries proof/certificate/equality/witness role	blocked from public-final unless later linked to a documented object/API contract	CNNA.PillarA.Arithmetic.Orders.NormForms	CNNA/PillarA/Arithmetic/Orders/NormForms.lean	258	CNNA.PillarA.Arithmetic.Orders.AR12QuadraticOrderOutput.outcome_eq_certificate	outcome_eq_certificate	core-computational	40	CNNA.PillarA.Arithmetic.Convergence.CDArithmeticCompatibility; CNNA.PillarA.Arithmetic.Notation							
7	compatibility; notation; consumer	declaration_consumption_records.generated.tsv							core-computational	inherits module classification: Pillar-A internal module without policy/wrapper/phase/dead markers	blocked from public-final unless later linked to a documented object/API contract	CNNA.PillarA.Arithmetic.Orders.NormForms	CNNA/PillarA/Arithmetic/Orders/NormForms.lean	263	CNNA.PillarA.Arithmetic.Orders.AR12QuadraticOrderOutput.no_irreducible_prime_shortcut	no_irreducible_prime_shortcut	core-computational	40	CNNA.PillarA.Arithmetic.Convergence.CDArithmeticCompatibility; CNNA.PillarA.Arithmetic.Notation							
7	compatibility; notation; consumer	declaration_consumption_records.generated.tsv							core-computational	inherits module classification: Pillar-A internal module without policy/wrapper/phase/dead markers	blocked from public-final unless later linked to a documented object/API contract	CNNA.PillarA.Arithmetic.Orders.NormForms	CNNA/PillarA/Arithmetic/Orders/NormForms.lean	275	CNNA.PillarA.Arithmetic.StrengtheningAR12.AR12QuadraticOrderShape	AR12QuadraticOrderShape	core-computational	40	CNNA.PillarA.Arithmetic.Convergence.CDArithmeticCompatibility; CNNA.PillarA.Arithmetic.Notation							
7	compatibility; notation; consumer	declaration_consumption_records.generated.tsv							core-computational	inherits module classification: Pillar-A internal module without policy/wrapper/phase/dead markers	blocked from public-final unless later linked to a documented object/API contract	CNNA.PillarA.Arithmetic.Orders.NormForms	CNNA/PillarA/Arithmetic/Orders/NormForms.lean	276	CNNA.PillarA.Arithmetic.StrengtheningAR12.AR12QuadraticOrder	AR12QuadraticOrder	core-computational	40	CNNA.PillarA.Arithmetic.Convergence.CDArithmeticCompatibility; CNNA.PillarA.Arithmetic.Notation							
7	compatibility; notation; consumer	declaration_consumption_records.generated.tsv							core-computational	inherits module classification: Pillar-A internal module without policy/wrapper/phase/dead markers	blocked from public-final unless later linked to a documented object/API contract	CNNA.PillarA.Arithmetic.Orders.NormForms	CNNA/PillarA/Arithmetic/Orders/NormForms.lean	277	CNNA.PillarA.Arithmetic.StrengtheningAR12.AR12QuadraticOrderElement	AR12QuadraticOrderElement	core-computational	40	CNNA.PillarA.Arithmetic.Convergence.CDArithmeticCompatibility; CNNA.PillarA.Arithmetic.Notation							
7	compatibility; notation; consumer	declaration_consumption_records.generated.tsv							core-computational	inherits module classification: Pillar-A internal module without policy/wrapper/phase/dead markers	blocked from public-final unless later linked to a documented object/API contract	CNNA.PillarA.Arithmetic.Orders.NormForms	CNNA/PillarA/Arithmetic/Orders/NormForms.lean	278	CNNA.PillarA.Arithmetic.StrengtheningAR12.AR12BinaryQuadraticNormForm	AR12BinaryQuadraticNormForm	core-computational	40	CNNA.PillarA.Arithmetic.Convergence.CDArithmeticCompatibility; CNNA.PillarA.Arithmetic.Notation							
7	compatibility; notation; consumer	declaration_consumption_records.generated.tsv							core-computational	inherits module classification: Pillar-A internal module without policy/wrapper/phase/dead markers	blocked from public-final unless later linked to a documented object/API contract	CNNA.PillarA.Arithmetic.Orders.NormForms	CNNA/PillarA/Arithmetic/Orders/NormForms.lean	279	CNNA.PillarA.Arithmetic.StrengtheningAR12.AR12SchurToFundamentalDiscriminantBridge	AR12SchurToFundamentalDiscriminantBridge	core-computational	40	CNNA.PillarA.Arithmetic.Convergence.CDArithmeticCompatibility; CNNA.PillarA.Arithmetic.Notation							
7	compatibility; notation; consumer	declaration_consumption_records.generated.tsv							core-computational	inherits module classification: Pillar-A internal module without policy/wrapper/phase/dead markers	blocked from public-final unless later linked to a documented object/API contract	CNNA.PillarA.Arithmetic.Orders.NormForms	CNNA/PillarA/Arithmetic/Orders/NormForms.lean	281	CNNA.PillarA.Arithmetic.StrengtheningAR12.AR12HeegnerDiscriminantBridge	AR12HeegnerDiscriminantBridge	core-computational	40	CNNA.PillarA.Arithmetic.Convergence.CDArithmeticCompatibility; CNNA.PillarA.Arithmetic.Notation							
7	compatibility; notation; consumer	declaration_consumption_records.generated.tsv							proof-bridge	declaration name carries proof/certificate/equality/witness role	blocked from public-final unless later linked to a documented object/API contract	CNNA.PillarA.Arithmetic.Orders.NormForms	CNNA/PillarA/Arithmetic/Orders/NormForms.lean	282	CNNA.PillarA.Arithmetic.StrengtheningAR12.AR12QuadraticNormFormCertificate	AR12QuadraticNormFormCertificate	core-computational	40	CNNA.PillarA.Arithmetic.Convergence.CDArithmeticCompatibility; CNNA.PillarA.Arithmetic.Notation							
7	compatibility; notation; consumer	declaration_consumption_records.generated.tsv							core-computational	inherits module classification: Pillar-A internal module without policy/wrapper/phase/dead markers	blocked from public-final unless later linked to a documented object/API contract	CNNA.PillarA.Arithmetic.Orders.NormForms	CNNA/PillarA/Arithmetic/Orders/NormForms.lean	283	CNNA.PillarA.Arithmetic.StrengtheningAR12.AR12QuadraticOrderOutput	AR12QuadraticOrderOutput	core-computational	40	CNNA.PillarA.Arithmetic.Convergence.CDArithmeticCompatibility; CNNA.PillarA.Arithmetic.Notation							
7	compatibility; notation; consumer	declaration_consumption_records.generated.tsv							core-computational	inherits module classification: Pillar-A internal module without policy/wrapper/phase/dead markers	blocked from public-final unless later linked to a documented object/API contract	CNNA.PillarA.Arithmetic.Orders.NormForms	CNNA/PillarA/Arithmetic/Orders/NormForms.lean	291	CNNA.PillarA.Arithmetic.StrengtheningAR12.AR12ForwardingStatus	AR12ForwardingStatus	core-computational	40	CNNA.PillarA.Arithmetic.Convergence.CDArithmeticCompatibility; CNNA.PillarA.Arithmetic.Notation							
7	compatibility; notation; consumer	declaration_consumption_records.generated.tsv							core-computational	inherits module classification: Pillar-A internal module without policy/wrapper/phase/dead markers	blocked from public-final unless later linked to a documented object/API contract	CNNA.PillarA.Arithmetic.Orders.NormForms	CNNA/PillarA/Arithmetic/Orders/NormForms.lean	292	CNNA.PillarA.Arithmetic.StrengtheningAR12.AR12IrreduciblePrimeDisciplineStatus	AR12IrreduciblePrimeDisciplineStatus	core-computational	40	CNNA.PillarA.Arithmetic.Convergence.CDArithmeticCompatibility; CNNA.PillarA.Arithmetic.Notation							
7	compatibility; cayleydickson; consumer	declaration_consumption_records.generated.tsv							core-computational	inherits module classification: Pillar-A internal module without policy/wrapper/phase/dead markers	blocked from public-final unless later linked to a documented object/API contract	CNNA.PillarA.Structural.CayleyDickson.S6CanonicalProductMultiplicationCandidate	CNNA/PillarA/Structural/CayleyDickson/S6CanonicalProductMultiplicationCandidate.lean	216	CNNA.PillarA.Structural.CayleyDickson.CanonicalOuterEmbeddingCompatibility	CanonicalOuterEmbeddingCompatibility	core-computational	5	CNNA.PillarA.Structural.CayleyDickson.S6CanonicalNormSqCandidate; CNNA.PillarA.Structural.CayleyDickson.S6Slot1AlternativeLaw							
7	compatibility; cayleydickson; consumer	declaration_consumption_records.generated.tsv							core-computational	inherits module classification: Pillar-A internal module without policy/wrapper/phase/dead markers	blocked from public-final unless later linked to a documented object/API contract	CNNA.PillarA.Structural.CayleyDickson.S6CanonicalProductMultiplicationCandidate	CNNA/PillarA/Structural/CayleyDickson/S6CanonicalProductMultiplicationCandidate.lean	230	CNNA.PillarA.Structural.CayleyDickson.CanonicalCenterEmbeddingCompatibility	CanonicalCenterEmbeddingCompatibility	core-computational	5	CNNA.PillarA.Structural.CayleyDickson.S6CanonicalNormSqCandidate; CNNA.PillarA.Structural.CayleyDickson.S6Slot1AlternativeLaw							
7	compatibility; cayleydickson; consumer	declaration_consumption_records.generated.tsv							core-computational	inherits module classification: Pillar-A internal module without policy/wrapper/phase/dead markers	blocked from public-final unless later linked to a documented object/API contract	CNNA.PillarA.Structural.CayleyDickson.S6CanonicalProductMultiplicationCandidate	CNNA/PillarA/Structural/CayleyDickson/S6CanonicalProductMultiplicationCandidate.lean	250	CNNA.PillarA.Structural.CayleyDickson.canonicalOuterEmbeddingCompatibility_left_left_left	canonicalOuterEmbeddingCompatibility_left_left_left	core-computational	5	CNNA.PillarA.Structural.CayleyDickson.S6CanonicalNormSqCandidate; CNNA.PillarA.Structural.CayleyDickson.S6Slot1AlternativeLaw							
7	compatibility; cayleydickson; consumer	declaration_consumption_records.generated.tsv							core-computational	inherits module classification: Pillar-A internal module without policy/wrapper/phase/dead markers	blocked from public-final unless later linked to a documented object/API contract	CNNA.PillarA.Structural.CayleyDickson.S6CanonicalProductMultiplicationCandidate	CNNA/PillarA/Structural/CayleyDickson/S6CanonicalProductMultiplicationCandidate.lean	273	CNNA.PillarA.Structural.CayleyDickson.canonicalOuterEmbeddingCompatibility_left_left_right	canonicalOuterEmbeddingCompatibility_left_left_right	core-computational	5	CNNA.PillarA.Structural.CayleyDickson.S6CanonicalNormSqCandidate; CNNA.PillarA.Structural.CayleyDickson.S6Slot1AlternativeLaw							
7	compatibility; cayleydickson; consumer	declaration_consumption_records.generated.tsv							core-computational	inherits module classification: Pillar-A internal module without policy/wrapper/phase/dead markers	blocked from public-final unless later linked to a documented object/API contract	CNNA.PillarA.Structural.CayleyDickson.S6CanonicalProductMultiplicationCandidate	CNNA/PillarA/Structural/CayleyDickson/S6CanonicalProductMultiplicationCandidate.lean	296	CNNA.PillarA.Structural.CayleyDickson.canonicalOuterEmbeddingCompatibility_left_right_left	canonicalOuterEmbeddingCompatibility_left_right_left	core-computational	5	CNNA.PillarA.Structural.CayleyDickson.S6CanonicalNormSqCandidate; CNNA.PillarA.Structural.CayleyDickson.S6Slot1AlternativeLaw							
7	compatibility; cayleydickson; consumer	declaration_consumption_records.generated.tsv							core-computational	inherits module classification: Pillar-A internal module without policy/wrapper/phase/dead markers	blocked from public-final unless later linked to a documented object/API contract	CNNA.PillarA.Structural.CayleyDickson.S6CanonicalProductMultiplicationCandidate	CNNA/PillarA/Structural/CayleyDickson/S6CanonicalProductMultiplicationCandidate.lean	319	CNNA.PillarA.Structural.CayleyDickson.canonicalOuterEmbeddingCompatibility_left_right_right	canonicalOuterEmbeddingCompatibility_left_right_right	core-computational	5	CNNA.PillarA.Structural.CayleyDickson.S6CanonicalNormSqCandidate; CNNA.PillarA.Structural.CayleyDickson.S6Slot1AlternativeLaw							
7	compatibility; cayleydickson; consumer	declaration_consumption_records.generated.tsv							core-computational	inherits module classification: Pillar-A internal module without policy/wrapper/phase/dead markers	blocked from public-final unless later linked to a documented object/API contract	CNNA.PillarA.Structural.CayleyDickson.S6CanonicalProductMultiplicationCandidate	CNNA/PillarA/Structural/CayleyDickson/S6CanonicalProductMultiplicationCandidate.lean	342	CNNA.PillarA.Structural.CayleyDickson.canonicalOuterEmbeddingCompatibility_right_left_left	canonicalOuterEmbeddingCompatibility_right_left_left	core-computational	5	CNNA.PillarA.Structural.CayleyDickson.S6CanonicalNormSqCandidate; CNNA.PillarA.Structural.CayleyDickson.S6Slot1AlternativeLaw							
7	compatibility; cayleydickson; consumer	declaration_consumption_records.generated.tsv							core-computational	inherits module classification: Pillar-A internal module without policy/wrapper/phase/dead markers	blocked from public-final unless later linked to a documented object/API contract	CNNA.PillarA.Structural.CayleyDickson.S6CanonicalProductMultiplicationCandidate	CNNA/PillarA/Structural/CayleyDickson/S6CanonicalProductMultiplicationCandidate.lean	365	CNNA.PillarA.Structural.CayleyDickson.canonicalOuterEmbeddingCompatibility_right_left_right	canonicalOuterEmbeddingCompatibility_right_left_right	core-computational	5	CNNA.PillarA.Structural.CayleyDickson.S6CanonicalNormSqCandidate; CNNA.PillarA.Structural.CayleyDickson.S6Slot1AlternativeLaw							
7	compatibility; cayleydickson; consumer	declaration_consumption_records.generated.tsv							core-computational	inherits module classification: Pillar-A internal module without policy/wrapper/phase/dead markers	blocked from public-final unless later linked to a documented object/API contract	CNNA.PillarA.Structural.CayleyDickson.S6CanonicalProductMultiplicationCandidate	CNNA/PillarA/Structural/CayleyDickson/S6CanonicalProductMultiplicationCandidate.lean	388	CNNA.PillarA.Structural.CayleyDickson.canonicalOuterEmbeddingCompatibility_right_right_left	canonicalOuterEmbeddingCompatibility_right_right_left	core-computational	5	CNNA.PillarA.Structural.CayleyDickson.S6CanonicalNormSqCandidate; CNNA.PillarA.Structural.CayleyDickson.S6Slot1AlternativeLaw							
7	compatibility; cayleydickson; consumer	declaration_consumption_records.generated.tsv							core-computational	inherits module classification: Pillar-A internal module without policy/wrapper/phase/dead markers	blocked from public-final unless later linked to a documented object/API contract	CNNA.PillarA.Structural.CayleyDickson.S6CanonicalProductMultiplicationCandidate	CNNA/PillarA/Structural/CayleyDickson/S6CanonicalProductMultiplicationCandidate.lean	411	CNNA.PillarA.Structural.CayleyDickson.canonicalOuterEmbeddingCompatibility_right_right_right	canonicalOuterEmbeddingCompatibility_right_right_right	core-computational	5	CNNA.PillarA.Structural.CayleyDickson.S6CanonicalNormSqCandidate; CNNA.PillarA.Structural.CayleyDickson.S6Slot1AlternativeLaw							
7	compatibility; cayleydickson; consumer	declaration_consumption_records.generated.tsv							core-computational	inherits module classification: Pillar-A internal module without policy/wrapper/phase/dead markers	blocked from public-final unless later linked to a documented object/API contract	CNNA.PillarA.Structural.CayleyDickson.S6CanonicalProductMultiplicationCandidate	CNNA/PillarA/Structural/CayleyDickson/S6CanonicalProductMultiplicationCandidate.lean	434	CNNA.PillarA.Structural.CayleyDickson.canonicalOuterEmbeddingCompatibility_closed	canonicalOuterEmbeddingCompatibility_closed	core-computational	5	CNNA.PillarA.Structural.CayleyDickson.S6CanonicalNormSqCandidate; CNNA.PillarA.Structural.CayleyDickson.S6Slot1AlternativeLaw							
7	compatibility; cayleydickson; consumer	declaration_consumption_records.generated.tsv							core-computational	inherits module classification: Pillar-A internal module without policy/wrapper/phase/dead markers	blocked from public-final unless later linked to a documented object/API contract	CNNA.PillarA.Structural.CayleyDickson.S6CanonicalProductMultiplicationCandidate	CNNA/PillarA/Structural/CayleyDickson/S6CanonicalProductMultiplicationCandidate.lean	448	CNNA.PillarA.Structural.CayleyDickson.canonicalCenterEmbeddingCompatibility_closed	canonicalCenterEmbeddingCompatibility_closed	core-computational	5	CNNA.PillarA.Structural.CayleyDickson.S6CanonicalNormSqCandidate; CNNA.PillarA.Structural.CayleyDickson.S6Slot1AlternativeLaw							
7	compatibility; cayleydickson; consumer	declaration_consumption_records.generated.tsv							core-computational	inherits module classification: Pillar-A internal module without policy/wrapper/phase/dead markers	blocked from public-final unless later linked to a documented object/API contract	CNNA.PillarA.Structural.CayleyDickson.S6HurwitzStopSeed	CNNA/PillarA/Structural/CayleyDickson/S6HurwitzStopSeed.lean	125	CNNA.PillarA.Structural.CayleyDickson.hurwitzStopClosed_implies_functorialApproximantCompatibility	hurwitzStopClosed_implies_functorialApproximantCompatibility	core-computational	32	CNNA.PillarA.Structural.CayleyDickson.S6ProofDutyGroups; CNNA.PillarA.Structural.CayleyDickson.S6ResearchSchema							
7	compatibility; cayleydickson; consumer	declaration_consumption_records.generated.tsv							core-computational	inherits module classification: Pillar-A internal module without policy/wrapper/phase/dead markers	blocked from public-final unless later linked to a documented object/API contract	CNNA.PillarA.Structural.CayleyDickson.S6HurwitzStopSeed	CNNA/PillarA/Structural/CayleyDickson/S6HurwitzStopSeed.lean	174	CNNA.PillarA.Structural.CayleyDickson.hurwitzStopClosed_implies_externalHurwitzCompatibility	hurwitzStopClosed_implies_externalHurwitzCompatibility	core-computational	32	CNNA.PillarA.Structural.CayleyDickson.S6ProofDutyGroups; CNNA.PillarA.Structural.CayleyDickson.S6ResearchSchema							
7	compatibility; cayleydickson; consumer	declaration_consumption_records.generated.tsv							core-computational	inherits module classification: Pillar-A internal module without policy/wrapper/phase/dead markers	blocked from public-final unless later linked to a documented object/API contract	CNNA.PillarA.Structural.CayleyDickson.S6ResearchSchema	CNNA/PillarA/Structural/CayleyDickson/S6ResearchSchema.lean	30	CNNA.PillarA.Structural.CayleyDickson.FunctorialApproximantCompatibilityResearchSlot	FunctorialApproximantCompatibilityResearchSlot	core-computational	17	CNNA.PillarA.Structural.CayleyDickson.S6CayleyDicksonIdentification; CNNA.PillarA.Structural.CayleyDickson.S6ResearchReadinessBridge							
6	merge; public api	object_consumption_classification.generated.tsv	BR05	Pre/post-emergence switch for A statements	17.5	K	no	proof:BR05	dead-candidate	object register status K; blocked/quarantined until a later ledger changes it	blue objects are blocked; all public exports additionally require proof dossier and public API contract															
6	compatibility; public api	object_consumption_classification.generated.tsv	CD8	Arithmetic-CD compatibility as Schur-duality corollary	10.4.2	K	no - dependency-order corrected in v31	proof:CD8	dead-candidate	object register status K; blocked/quarantined until a later ledger changes it	blue objects are blocked; all public exports additionally require proof dossier and public API contract															
6	merge; public api	object_consumption_classification.generated.tsv	LEG18	Open-system emergence-path forensics	19.3	K	no	proof:LEG18	dead-candidate	object register status K; blocked/quarantined until a later ledger changes it	blue objects are blocked; all public exports additionally require proof dossier and public API contract															
6	refactor; public api	object_consumption_classification.generated.tsv	LEG21	Refactor regression and incremental migration protocol	1.1.1.1.0.3	G	yes	proof:LEG21	legacy-policy	object layer is planning/governance/legacy control surface	blue objects are blocked; all public exports additionally require proof dossier and public API contract															
6	compatibility; public api	object_consumption_classification.generated.tsv	LEG3	Legacy phase aliases compatibility surface	1.1.4	Y	no	proof:LEG3	legacy-policy	object layer is planning/governance/legacy control surface	blue objects are blocked; all public exports additionally require proof dossier and public API contract															
5	refactor	consumption_classification_map.generated.tsv																				legacy-status	Legacy/status-gate declarations or modules that encode old one-constructor states or deprecated status control.	Name/path contains legacy or status-gate/status markers.	Quarantine/refactor candidate, normally hidden behind legacy/status policy.	Cannot be consumed by implementation phases except through the explicit quarantine/correction path.
5	refactor	consumption_classification_map.generated.tsv																				legacy-status	Legacy/status-gate declarations or modules that encode old one-constructor states or deprecated status control.	Name/path contains legacy or status-gate/status markers.	Quarantine/refactor candidate, normally hidden behind legacy/status policy.	Cannot be consumed by implementation phases except through the explicit quarantine/correction path.
